~ 'https://api.stan.com.au/rec/v1/related?genres=Sport%2CFootball&maxRating=PG&source=5486795&started=true'
~ 'https://api.stan.com.au/rec/v1/related?genres=Sport%2CFootball&maxRating=PG&source=5486795&started=true'
  status: ((200 OK)) headers: (Content-Type = application/json; charset=utf-8) (Vary = Accept-Encoding) (Cache-Control = max-age=192) (Date = Thu, 27 Nov 2025 23:46:29 GMT) (Connection = keep-alive) (Access-Control-Allow-Origin = *)   number of entries: 0
  total: 0
  vendor: 1
  model: related
  updated: 1764287081, 28 Nov 2025 10:44:41 AEDT, 27 Nov 2025 23:44:41 UTC
~ 'https://api.stan.com.au/rec/v1/related?genres=Sport%2CFootball&maxRating=PG&source=5486795&started=true'
  status: ((200 OK)) headers: (Content-Type = application/json; charset=utf-8) (Vary = Accept-Encoding) (Cache-Control = max-age=177) (Date = Thu, 27 Nov 2025 23:46:44 GMT) (Connection = keep-alive) (Access-Control-Allow-Origin = *)   number of entries: 0
  total: 0
  vendor: 1
  model: related
  updated: 1764287081, 28 Nov 2025 10:44:41 AEDT, 27 Nov 2025 23:44:41 UTC
~ 'https://api.stan.com.au/rec/v1/related?genres=Sport%2CFootball&maxRating=PG&source=5486795&started=true'
  status: ((200 OK)) headers: (Content-Type = application/json; charset=utf-8) (Vary = Accept-Encoding) (Cache-Control = max-age=162) (Date = Thu, 27 Nov 2025 23:46:59 GMT) (Connection = keep-alive) (Access-Control-Allow-Origin = *)   number of entries: 0
  total: 0
  vendor: 1
  model: related
  updated: 1764287081, 28 Nov 2025 10:44:41 AEDT, 27 Nov 2025 23:44:41 UTC
~ 'https://api.stan.com.au/rec/v1/related?genres=Sport%2CFootball&maxRating=PG&source=5486795&started=true'
  status: ((200 OK)) headers: (Content-Type = application/json; charset=utf-8) (Vary = Accept-Encoding) (Cache-Control = max-age=147) (Date = Thu, 27 Nov 2025 23:47:14 GMT) (Connection = keep-alive) (Access-Control-Allow-Origin = *)   number of entries: 0
  total: 0
  vendor: 1
  model: related
  updated: 1764287081, 28 Nov 2025 10:44:41 AEDT, 27 Nov 2025 23:44:41 UTC
~ 'https://api.stan.com.au/rec/v1/related?genres=Sport%2CFootball&maxRating=PG&source=5486795&started=true'
  status: ((200 OK)) headers: (Content-Type = application/json; charset=utf-8) (Vary = Accept-Encoding) (Cache-Control = max-age=132) (Date = Thu, 27 Nov 2025 23:47:29 GMT) (Connection = keep-alive) (Access-Control-Allow-Origin = *)   number of entries: 0
  total: 0
  vendor: 1
  model: related
  updated: 1764287081, 28 Nov 2025 10:44:41 AEDT, 27 Nov 2025 23:44:41 UTC
~ 'https://api.stan.com.au/rec/v1/related?genres=Sport%2CFootball&maxRating=PG&source=5486795&started=true'
  status: ((200 OK)) headers: (Content-Type = application/json; charset=utf-8) (Vary = Accept-Encoding) (Cache-Control = max-age=117) (Date = Thu, 27 Nov 2025 23:47:44 GMT) (Connection = keep-alive) (Access-Control-Allow-Origin = *)   number of entries: 0
  total: 0
  vendor: 1
  model: related
  updated: 1764287081, 28 Nov 2025 10:44:41 AEDT, 27 Nov 2025 23:44:41 UTC
~ 'https://api.stan.com.au/rec/v1/related?genres=Sport%2CFootball&maxRating=PG&source=5486795&started=true'
  status: ((200 OK)) headers: (Content-Type = application/json; charset=utf-8) (Vary = Accept-Encoding) (Cache-Control = max-age=102) (Date = Thu, 27 Nov 2025 23:47:59 GMT) (Connection = keep-alive) (Access-Control-Allow-Origin = *)   number of entries: 0
  total: 0
  vendor: 1
  model: related
  updated: 1764287081, 28 Nov 2025 10:44:41 AEDT, 27 Nov 2025 23:44:41 UTC
~ 'https://api.stan.com.au/rec/v1/related?genres=Sport%2CFootball&maxRating=PG&source=5486795&started=true'
  status: ((200 OK)) headers: (Content-Type = application/json; charset=utf-8) (Vary = Accept-Encoding) (Cache-Control = max-age=87) (Date = Thu, 27 Nov 2025 23:48:14 GMT) (Connection = keep-alive) (Access-Control-Allow-Origin = *)   number of entries: 0
  total: 0
  vendor: 1
  model: related
  updated: 1764287081, 28 Nov 2025 10:44:41 AEDT, 27 Nov 2025 23:44:41 UTC
~ 'https://api.stan.com.au/rec/v1/related?genres=Sport%2CFootball&maxRating=PG&source=5486795&started=true'
  status: ((200 OK)) headers: (Content-Type = application/json; charset=utf-8) (Vary = Accept-Encoding) (Cache-Control = max-age=72) (Date = Thu, 27 Nov 2025 23:48:29 GMT) (Connection = keep-alive) (Access-Control-Allow-Origin = *)   number of entries: 0
  total: 0
  vendor: 1
  model: related
  updated: 1764287081, 28 Nov 2025 10:44:41 AEDT, 27 Nov 2025 23:44:41 UTC
~ 'https://api.stan.com.au/rec/v1/related?genres=Sport%2CFootball&maxRating=PG&source=5486795&started=true'
  status: ((200 OK)) headers: (Content-Type = application/json; charset=utf-8) (Vary = Accept-Encoding) (Cache-Control = max-age=57) (Date = Thu, 27 Nov 2025 23:48:44 GMT) (Connection = keep-alive) (Access-Control-Allow-Origin = *)   number of entries: 0
  total: 0
  vendor: 1
  model: related
  updated: 1764287081, 28 Nov 2025 10:44:41 AEDT, 27 Nov 2025 23:44:41 UTC
~ 'https://api.stan.com.au/rec/v1/related?genres=Sport%2CFootball&maxRating=PG&source=5486795&started=true'
  status: ((200 OK)) headers: (Content-Type = application/json; charset=utf-8) (Vary = Accept-Encoding) (Cache-Control = max-age=42) (Date = Thu, 27 Nov 2025 23:48:59 GMT) (Connection = keep-alive) (Access-Control-Allow-Origin = *)   number of entries: 0
  total: 0
  vendor: 1
  model: related
  updated: 1764287081, 28 Nov 2025 10:44:41 AEDT, 27 Nov 2025 23:44:41 UTC
~ 'https://api.stan.com.au/rec/v1/related?genres=Sport%2CFootball&maxRating=PG&source=5486795&started=true'
  status: ((200 OK)) headers: (Content-Type = application/json; charset=utf-8) (Vary = Accept-Encoding) (Cache-Control = max-age=26) (Date = Thu, 27 Nov 2025 23:49:15 GMT) (Connection = keep-alive) (Access-Control-Allow-Origin = *)   number of entries: 0
  total: 0
  vendor: 1
  model: related
  updated: 1764287081, 28 Nov 2025 10:44:41 AEDT, 27 Nov 2025 23:44:41 UTC
~ 'https://api.stan.com.au/rec/v1/related?genres=Sport%2CFootball&maxRating=PG&source=5486795&started=true'
  status: ((200 OK)) headers: (Content-Type = application/json; charset=utf-8) (Vary = Accept-Encoding) (Cache-Control = max-age=11) (Date = Thu, 27 Nov 2025 23:49:30 GMT) (Connection = keep-alive) (Access-Control-Allow-Origin = *)   number of entries: 0
  total: 0
  vendor: 1
  model: related
  updated: 1764287081, 28 Nov 2025 10:44:41 AEDT, 27 Nov 2025 23:44:41 UTC
~ 'https://api.stan.com.au/rec/v1/related?genres=Sport%2CFootball&maxRating=PG&source=5486795&started=true'
  status: ((200 OK)) headers: (Content-Type = application/json; charset=utf-8) (Vary = Accept-Encoding) (Cache-Control = max-age=300) (Date = Thu, 27 Nov 2025 23:49:45 GMT) (Connection = keep-alive) (Access-Control-Allow-Origin = *) ~ '  body has changed'
  number of entries: 0
  total: 0
  vendor: 1
  model: related
  updated: 1764287385, 28 Nov 2025 10:49:45 AEDT, 27 Nov 2025 23:49:45 UTC
~ 'https://api.stan.com.au/rec/v1/related?genres=Sport%2CFootball&maxRating=PG&source=5486795&started=true'
  status: ((200 OK)) headers: (Content-Type = application/json; charset=utf-8) (Vary = Accept-Encoding) (Cache-Control = max-age=285) (Date = Thu, 27 Nov 2025 23:50:00 GMT) (Connection = keep-alive) (Access-Control-Allow-Origin = *)   number of entries: 0
  total: 0
  vendor: 1
  model: related
  updated: 1764287385, 28 Nov 2025 10:49:45 AEDT, 27 Nov 2025 23:49:45 UTC
~ 'https://api.stan.com.au/rec/v1/related?genres=Sport%2CFootball&maxRating=PG&source=5486795&started=true'
  status: ((200 OK)) headers: (Content-Type = application/json; charset=utf-8) (Vary = Accept-Encoding) (Cache-Control = max-age=270) (Date = Thu, 27 Nov 2025 23:50:15 GMT) (Connection = keep-alive) (Access-Control-Allow-Origin = *)   number of entries: 0
  total: 0
  vendor: 1
  model: related
  updated: 1764287385, 28 Nov 2025 10:49:45 AEDT, 27 Nov 2025 23:49:45 UTC
~ 'https://api.stan.com.au/rec/v1/related?genres=Sport%2CFootball&maxRating=PG&source=5486795&started=true'
  status: ((200 OK)) headers: (Content-Type = application/json; charset=utf-8) (Vary = Accept-Encoding) (Cache-Control = max-age=255) (Date = Thu, 27 Nov 2025 23:50:30 GMT) (Connection = keep-alive) (Access-Control-Allow-Origin = *)   number of entries: 0
  total: 0
  vendor: 1
  model: related
  updated: 1764287385, 28 Nov 2025 10:49:45 AEDT, 27 Nov 2025 23:49:45 UTC
~ 'https://api.stan.com.au/rec/v1/related?genres=Sport%2CFootball&maxRating=PG&source=5486795&started=true'
  status: ((200 OK)) headers: (Content-Type = application/json; charset=utf-8) (Vary = Accept-Encoding) (Cache-Control = max-age=240) (Date = Thu, 27 Nov 2025 23:50:45 GMT) (Connection = keep-alive) (Access-Control-Allow-Origin = *)   number of entries: 0
  total: 0
  vendor: 1
  model: related
  updated: 1764287385, 28 Nov 2025 10:49:45 AEDT, 27 Nov 2025 23:49:45 UTC
~ 'https://api.stan.com.au/rec/v1/related?genres=Sport%2CFootball&maxRating=PG&source=5486795&started=true'
  status: ((200 OK)) headers: (Content-Type = application/json; charset=utf-8) (Vary = Accept-Encoding) (Cache-Control = max-age=225) (Date = Thu, 27 Nov 2025 23:51:00 GMT) (Connection = keep-alive) (Access-Control-Allow-Origin = *)   number of entries: 0
  total: 0
  vendor: 1
  model: related
  updated: 1764287385, 28 Nov 2025 10:49:45 AEDT, 27 Nov 2025 23:49:45 UTC
~ 'https://api.stan.com.au/rec/v1/related?genres=Sport%2CFootball&maxRating=PG&source=5486795&started=true'
  status: ((200 OK)) headers: (Content-Type = application/json; charset=utf-8) (Vary = Accept-Encoding) (Cache-Control = max-age=210) (Date = Thu, 27 Nov 2025 23:51:15 GMT) (Connection = keep-alive) (Access-Control-Allow-Origin = *)   number of entries: 0
  total: 0
  vendor: 1
  model: related
  updated: 1764287385, 28 Nov 2025 10:49:45 AEDT, 27 Nov 2025 23:49:45 UTC
~ 'https://api.stan.com.au/rec/v1/related?genres=Sport%2CFootball&maxRating=PG&source=5486795&started=true'
  status: ((200 OK)) headers: (Content-Type = application/json; charset=utf-8) (Vary = Accept-Encoding) (Cache-Control = max-age=195) (Date = Thu, 27 Nov 2025 23:51:30 GMT) (Connection = keep-alive) (Access-Control-Allow-Origin = *)   number of entries: 0
  total: 0
  vendor: 1
  model: related
  updated: 1764287385, 28 Nov 2025 10:49:45 AEDT, 27 Nov 2025 23:49:45 UTC
~ 'https://api.stan.com.au/rec/v1/related?genres=Sport%2CFootball&maxRating=PG&source=5486795&started=true'
  status: ((200 OK)) headers: (Content-Type = application/json; charset=utf-8) (Vary = Accept-Encoding) (Cache-Control = max-age=180) (Date = Thu, 27 Nov 2025 23:51:45 GMT) (Connection = keep-alive) (Access-Control-Allow-Origin = *)   number of entries: 0
  total: 0
  vendor: 1
  model: related
  updated: 1764287385, 28 Nov 2025 10:49:45 AEDT, 27 Nov 2025 23:49:45 UTC
~ 'https://api.stan.com.au/rec/v1/related?genres=Sport%2CFootball&maxRating=PG&source=5486795&started=true'
  status: ((200 OK)) headers: (Content-Type = application/json; charset=utf-8) (Vary = Accept-Encoding) (Cache-Control = max-age=165) (Date = Thu, 27 Nov 2025 23:52:00 GMT) (Connection = keep-alive) (Access-Control-Allow-Origin = *)   number of entries: 0
  total: 0
  vendor: 1
  model: related
  updated: 1764287385, 28 Nov 2025 10:49:45 AEDT, 27 Nov 2025 23:49:45 UTC
~ 'https://api.stan.com.au/rec/v1/related?genres=Sport%2CFootball&maxRating=PG&source=5486795&started=true'
  status: ((200 OK)) headers: (Content-Type = application/json; charset=utf-8) (Vary = Accept-Encoding) (Cache-Control = max-age=150) (Date = Thu, 27 Nov 2025 23:52:15 GMT) (Connection = keep-alive) (Access-Control-Allow-Origin = *)   number of entries: 0
  total: 0
  vendor: 1
  model: related
  updated: 1764287385, 28 Nov 2025 10:49:45 AEDT, 27 Nov 2025 23:49:45 UTC
~ 'https://api.stan.com.au/rec/v1/related?genres=Sport%2CFootball&maxRating=PG&source=5486795&started=true'
  status: ((200 OK)) headers: (Content-Type = application/json; charset=utf-8) (Vary = Accept-Encoding) (Cache-Control = max-age=134) (Date = Thu, 27 Nov 2025 23:52:31 GMT) (Connection = keep-alive) (Access-Control-Allow-Origin = *)   number of entries: 0
  total: 0
  vendor: 1
  model: related
  updated: 1764287385, 28 Nov 2025 10:49:45 AEDT, 27 Nov 2025 23:49:45 UTC
~ 'https://api.stan.com.au/rec/v1/related?genres=Sport%2CFootball&maxRating=PG&source=5486795&started=true'
  status: ((200 OK)) headers: (Content-Type = application/json; charset=utf-8) (Vary = Accept-Encoding) (Cache-Control = max-age=119) (Date = Thu, 27 Nov 2025 23:52:46 GMT) (Connection = keep-alive) (Access-Control-Allow-Origin = *)   number of entries: 0
  total: 0
  vendor: 1
  model: related
  updated: 1764287385, 28 Nov 2025 10:49:45 AEDT, 27 Nov 2025 23:49:45 UTC
~ 'https://api.stan.com.au/rec/v1/related?genres=Sport%2CFootball&maxRating=PG&source=5486795&started=true'
  status: ((200 OK)) headers: (Content-Type = application/json; charset=utf-8) (Vary = Accept-Encoding) (Cache-Control = max-age=104) (Date = Thu, 27 Nov 2025 23:53:01 GMT) (Connection = keep-alive) (Access-Control-Allow-Origin = *)   number of entries: 0
  total: 0
  vendor: 1
  model: related
  updated: 1764287385, 28 Nov 2025 10:49:45 AEDT, 27 Nov 2025 23:49:45 UTC
~ 'https://api.stan.com.au/rec/v1/related?genres=Sport%2CFootball&maxRating=PG&source=5486795&started=true'
  status: ((200 OK)) headers: (Content-Type = application/json; charset=utf-8) (Vary = Accept-Encoding) (Cache-Control = max-age=89) (Date = Thu, 27 Nov 2025 23:53:16 GMT) (Connection = keep-alive) (Access-Control-Allow-Origin = *)   number of entries: 0
  total: 0
  vendor: 1
  model: related
  updated: 1764287385, 28 Nov 2025 10:49:45 AEDT, 27 Nov 2025 23:49:45 UTC
~ 'https://api.stan.com.au/rec/v1/related?genres=Sport%2CFootball&maxRating=PG&source=5486795&started=true'
  status: ((200 OK)) headers: (Content-Type = application/json; charset=utf-8) (Vary = Accept-Encoding) (Cache-Control = max-age=74) (Date = Thu, 27 Nov 2025 23:53:31 GMT) (Connection = keep-alive) (Access-Control-Allow-Origin = *)   number of entries: 0
  total: 0
  vendor: 1
  model: related
  updated: 1764287385, 28 Nov 2025 10:49:45 AEDT, 27 Nov 2025 23:49:45 UTC
~ 'https://api.stan.com.au/rec/v1/related?genres=Sport%2CFootball&maxRating=PG&source=5486795&started=true'
  status: ((200 OK)) headers: (Content-Type = application/json; charset=utf-8) (Vary = Accept-Encoding) (Cache-Control = max-age=59) (Date = Thu, 27 Nov 2025 23:53:46 GMT) (Connection = keep-alive) (Access-Control-Allow-Origin = *)   number of entries: 0
  total: 0
  vendor: 1
  model: related
  updated: 1764287385, 28 Nov 2025 10:49:45 AEDT, 27 Nov 2025 23:49:45 UTC
~ 'https://api.stan.com.au/rec/v1/related?genres=Sport%2CFootball&maxRating=PG&source=5486795&started=true'
  status: ((200 OK)) headers: (Content-Type = application/json; charset=utf-8) (Vary = Accept-Encoding) (Cache-Control = max-age=44) (Date = Thu, 27 Nov 2025 23:54:01 GMT) (Connection = keep-alive) (Access-Control-Allow-Origin = *)   number of entries: 0
  total: 0
  vendor: 1
  model: related
  updated: 1764287385, 28 Nov 2025 10:49:45 AEDT, 27 Nov 2025 23:49:45 UTC
~ 'https://api.stan.com.au/rec/v1/related?genres=Sport%2CFootball&maxRating=PG&source=5486795&started=true'
  status: ((200 OK)) headers: (Content-Type = application/json; charset=utf-8) (Vary = Accept-Encoding) (Cache-Control = max-age=29) (Date = Thu, 27 Nov 2025 23:54:16 GMT) (Connection = keep-alive) (Access-Control-Allow-Origin = *)   number of entries: 0
  total: 0
  vendor: 1
  model: related
  updated: 1764287385, 28 Nov 2025 10:49:45 AEDT, 27 Nov 2025 23:49:45 UTC
~ 'https://api.stan.com.au/rec/v1/related?genres=Sport%2CFootball&maxRating=PG&source=5486795&started=true'
  status: ((200 OK)) headers: (Content-Type = application/json; charset=utf-8) (Vary = Accept-Encoding) (Cache-Control = max-age=14) (Date = Thu, 27 Nov 2025 23:54:31 GMT) (Connection = keep-alive) (Access-Control-Allow-Origin = *)   number of entries: 0
  total: 0
  vendor: 1
  model: related
  updated: 1764287385, 28 Nov 2025 10:49:45 AEDT, 27 Nov 2025 23:49:45 UTC
~ 'https://api.stan.com.au/rec/v1/related?genres=Sport%2CFootball&maxRating=PG&source=5486795&started=true'
  status: ((200 OK)) headers: (Content-Type = application/json; charset=utf-8) (Vary = Accept-Encoding) (Cache-Control = max-age=300) (Date = Thu, 27 Nov 2025 23:54:46 GMT) (Connection = keep-alive) (Access-Control-Allow-Origin = *) ~ '  body has changed'
  number of entries: 0
  total: 0
  vendor: 1
  model: related
  updated: 1764287686, 28 Nov 2025 10:54:46 AEDT, 27 Nov 2025 23:54:46 UTC
~ 'https://api.stan.com.au/rec/v1/related?genres=Sport%2CFootball&maxRating=PG&source=5486795&started=true'
  status: ((200 OK)) headers: (Content-Type = application/json; charset=utf-8) (Vary = Accept-Encoding) (Cache-Control = max-age=285) (Date = Thu, 27 Nov 2025 23:55:01 GMT) (Connection = keep-alive) (Access-Control-Allow-Origin = *)   number of entries: 0
  total: 0
  vendor: 1
  model: related
  updated: 1764287686, 28 Nov 2025 10:54:46 AEDT, 27 Nov 2025 23:54:46 UTC
~ 'https://api.stan.com.au/rec/v1/related?genres=Sport%2CFootball&maxRating=PG&source=5486795&started=true'
  status: ((200 OK)) headers: (Content-Type = application/json; charset=utf-8) (Vary = Accept-Encoding) (Cache-Control = max-age=270) (Date = Thu, 27 Nov 2025 23:55:16 GMT) (Connection = keep-alive) (Access-Control-Allow-Origin = *)   number of entries: 0
  total: 0
  vendor: 1
  model: related
  updated: 1764287686, 28 Nov 2025 10:54:46 AEDT, 27 Nov 2025 23:54:46 UTC
~ 'https://api.stan.com.au/rec/v1/related?genres=Sport%2CFootball&maxRating=PG&source=5486795&started=true'
  status: ((200 OK)) headers: (Content-Type = application/json; charset=utf-8) (Vary = Accept-Encoding) (Cache-Control = max-age=255) (Date = Thu, 27 Nov 2025 23:55:31 GMT) (Connection = keep-alive) (Access-Control-Allow-Origin = *)   number of entries: 0
  total: 0
  vendor: 1
  model: related
  updated: 1764287686, 28 Nov 2025 10:54:46 AEDT, 27 Nov 2025 23:54:46 UTC
~ 'https://api.stan.com.au/rec/v1/related?genres=Sport%2CFootball&maxRating=PG&source=5486795&started=true'
  status: ((200 OK)) headers: (Content-Type = application/json; charset=utf-8) (Vary = Accept-Encoding) (Cache-Control = max-age=239) (Date = Thu, 27 Nov 2025 23:55:47 GMT) (Connection = keep-alive) (Access-Control-Allow-Origin = *)   number of entries: 0
  total: 0
  vendor: 1
  model: related
  updated: 1764287686, 28 Nov 2025 10:54:46 AEDT, 27 Nov 2025 23:54:46 UTC
~ 'https://api.stan.com.au/rec/v1/related?genres=Sport%2CFootball&maxRating=PG&source=5486795&started=true'
  status: ((200 OK)) headers: (Content-Type = application/json; charset=utf-8) (Vary = Accept-Encoding) (Cache-Control = max-age=224) (Date = Thu, 27 Nov 2025 23:56:02 GMT) (Connection = keep-alive) (Access-Control-Allow-Origin = *)   number of entries: 0
  total: 0
  vendor: 1
  model: related
  updated: 1764287686, 28 Nov 2025 10:54:46 AEDT, 27 Nov 2025 23:54:46 UTC
~ 'https://api.stan.com.au/rec/v1/related?genres=Sport%2CFootball&maxRating=PG&source=5486795&started=true'
  status: ((200 OK)) headers: (Content-Type = application/json; charset=utf-8) (Vary = Accept-Encoding) (Cache-Control = max-age=209) (Date = Thu, 27 Nov 2025 23:56:17 GMT) (Connection = keep-alive) (Access-Control-Allow-Origin = *)   number of entries: 0
  total: 0
  vendor: 1
  model: related
  updated: 1764287686, 28 Nov 2025 10:54:46 AEDT, 27 Nov 2025 23:54:46 UTC
~ 'https://api.stan.com.au/rec/v1/related?genres=Sport%2CFootball&maxRating=PG&source=5486795&started=true'
  status: ((200 OK)) headers: (Content-Type = application/json; charset=utf-8) (Vary = Accept-Encoding) (Cache-Control = max-age=194) (Date = Thu, 27 Nov 2025 23:56:32 GMT) (Connection = keep-alive) (Access-Control-Allow-Origin = *)   number of entries: 0
  total: 0
  vendor: 1
  model: related
  updated: 1764287686, 28 Nov 2025 10:54:46 AEDT, 27 Nov 2025 23:54:46 UTC
~ 'https://api.stan.com.au/rec/v1/related?genres=Sport%2CFootball&maxRating=PG&source=5486795&started=true'
  status: ((200 OK)) headers: (Content-Type = application/json; charset=utf-8) (Vary = Accept-Encoding) (Cache-Control = max-age=179) (Date = Thu, 27 Nov 2025 23:56:47 GMT) (Connection = keep-alive) (Access-Control-Allow-Origin = *)   number of entries: 0
  total: 0
  vendor: 1
  model: related
  updated: 1764287686, 28 Nov 2025 10:54:46 AEDT, 27 Nov 2025 23:54:46 UTC
~ 'https://api.stan.com.au/rec/v1/related?genres=Sport%2CFootball&maxRating=PG&source=5486795&started=true'
  status: ((200 OK)) headers: (Content-Type = application/json; charset=utf-8) (Vary = Accept-Encoding) (Cache-Control = max-age=164) (Date = Thu, 27 Nov 2025 23:57:02 GMT) (Connection = keep-alive) (Access-Control-Allow-Origin = *)   number of entries: 0
  total: 0
  vendor: 1
  model: related
  updated: 1764287686, 28 Nov 2025 10:54:46 AEDT, 27 Nov 2025 23:54:46 UTC
~ 'https://api.stan.com.au/rec/v1/related?genres=Sport%2CFootball&maxRating=PG&source=5486795&started=true'
  status: ((200 OK)) headers: (Content-Type = application/json; charset=utf-8) (Vary = Accept-Encoding) (Cache-Control = max-age=149) (Date = Thu, 27 Nov 2025 23:57:17 GMT) (Connection = keep-alive) (Access-Control-Allow-Origin = *)   number of entries: 0
  total: 0
  vendor: 1
  model: related
  updated: 1764287686, 28 Nov 2025 10:54:46 AEDT, 27 Nov 2025 23:54:46 UTC
~ 'https://api.stan.com.au/rec/v1/related?genres=Sport%2CFootball&maxRating=PG&source=5486795&started=true'
  status: ((200 OK)) headers: (Content-Type = application/json; charset=utf-8) (Vary = Accept-Encoding) (Cache-Control = max-age=134) (Date = Thu, 27 Nov 2025 23:57:32 GMT) (Connection = keep-alive) (Access-Control-Allow-Origin = *)   number of entries: 0
  total: 0
  vendor: 1
  model: related
  updated: 1764287686, 28 Nov 2025 10:54:46 AEDT, 27 Nov 2025 23:54:46 UTC
~ 'https://api.stan.com.au/rec/v1/related?genres=Sport%2CFootball&maxRating=PG&source=5486795&started=true'
  status: ((200 OK)) headers: (Content-Type = application/json; charset=utf-8) (Vary = Accept-Encoding) (Cache-Control = max-age=119) (Date = Thu, 27 Nov 2025 23:57:47 GMT) (Connection = keep-alive) (Access-Control-Allow-Origin = *)   number of entries: 0
  total: 0
  vendor: 1
  model: related
  updated: 1764287686, 28 Nov 2025 10:54:46 AEDT, 27 Nov 2025 23:54:46 UTC
~ 'https://api.stan.com.au/rec/v1/related?genres=Sport%2CFootball&maxRating=PG&source=5486795&started=true'
  status: ((200 OK)) headers: (Content-Type = application/json; charset=utf-8) (Vary = Accept-Encoding) (Cache-Control = max-age=104) (Date = Thu, 27 Nov 2025 23:58:02 GMT) (Connection = keep-alive) (Access-Control-Allow-Origin = *)   number of entries: 0
  total: 0
  vendor: 1
  model: related
  updated: 1764287686, 28 Nov 2025 10:54:46 AEDT, 27 Nov 2025 23:54:46 UTC
~ 'https://api.stan.com.au/rec/v1/related?genres=Sport%2CFootball&maxRating=PG&source=5486795&started=true'
  status: ((200 OK)) headers: (Content-Type = application/json; charset=utf-8) (Vary = Accept-Encoding) (Cache-Control = max-age=89) (Date = Thu, 27 Nov 2025 23:58:17 GMT) (Connection = keep-alive) (Access-Control-Allow-Origin = *)   number of entries: 0
  total: 0
  vendor: 1
  model: related
  updated: 1764287686, 28 Nov 2025 10:54:46 AEDT, 27 Nov 2025 23:54:46 UTC
~ 'https://api.stan.com.au/rec/v1/related?genres=Sport%2CFootball&maxRating=PG&source=5486795&started=true'
  status: ((200 OK)) headers: (Content-Type = application/json; charset=utf-8) (Vary = Accept-Encoding) (Cache-Control = max-age=74) (Date = Thu, 27 Nov 2025 23:58:32 GMT) (Connection = keep-alive) (Access-Control-Allow-Origin = *)   number of entries: 0
  total: 0
  vendor: 1
  model: related
  updated: 1764287686, 28 Nov 2025 10:54:46 AEDT, 27 Nov 2025 23:54:46 UTC
~ 'https://api.stan.com.au/rec/v1/related?genres=Sport%2CFootball&maxRating=PG&source=5486795&started=true'
  status: ((200 OK)) headers: (Content-Type = application/json; charset=utf-8) (Vary = Accept-Encoding) (Cache-Control = max-age=59) (Date = Thu, 27 Nov 2025 23:58:47 GMT) (Connection = keep-alive) (Access-Control-Allow-Origin = *)   number of entries: 0
  total: 0
  vendor: 1
  model: related
  updated: 1764287686, 28 Nov 2025 10:54:46 AEDT, 27 Nov 2025 23:54:46 UTC
~ 'https://api.stan.com.au/rec/v1/related?genres=Sport%2CFootball&maxRating=PG&source=5486795&started=true'
  status: ((200 OK)) headers: (Content-Type = application/json; charset=utf-8) (Vary = Accept-Encoding) (Cache-Control = max-age=44) (Date = Thu, 27 Nov 2025 23:59:02 GMT) (Connection = keep-alive) (Access-Control-Allow-Origin = *)   number of entries: 0
  total: 0
  vendor: 1
  model: related
  updated: 1764287686, 28 Nov 2025 10:54:46 AEDT, 27 Nov 2025 23:54:46 UTC
~ 'https://api.stan.com.au/rec/v1/related?genres=Sport%2CFootball&maxRating=PG&source=5486795&started=true'
  status: ((200 OK)) headers: (Content-Type = application/json; charset=utf-8) (Vary = Accept-Encoding) (Cache-Control = max-age=29) (Date = Thu, 27 Nov 2025 23:59:17 GMT) (Connection = keep-alive) (Access-Control-Allow-Origin = *)   number of entries: 0
  total: 0
  vendor: 1
  model: related
  updated: 1764287686, 28 Nov 2025 10:54:46 AEDT, 27 Nov 2025 23:54:46 UTC
~ 'https://api.stan.com.au/rec/v1/related?genres=Sport%2CFootball&maxRating=PG&source=5486795&started=true'
  status: ((200 OK)) headers: (Content-Type = application/json; charset=utf-8) (Vary = Accept-Encoding) (Cache-Control = max-age=14) (Date = Thu, 27 Nov 2025 23:59:32 GMT) (Connection = keep-alive) (Access-Control-Allow-Origin = *)   number of entries: 0
  total: 0
  vendor: 1
  model: related
  updated: 1764287686, 28 Nov 2025 10:54:46 AEDT, 27 Nov 2025 23:54:46 UTC
~ 'https://api.stan.com.au/rec/v1/related?genres=Sport%2CFootball&maxRating=PG&source=5486795&started=true'
  status: ((200 OK)) headers: (Content-Type = application/json; charset=utf-8) (Vary = Accept-Encoding) (Cache-Control = max-age=300) (Date = Thu, 27 Nov 2025 23:59:48 GMT) (Connection = keep-alive) (Access-Control-Allow-Origin = *) ~ '  body has changed'
  number of entries: 0
  total: 0
  vendor: 1
  model: related
  updated: 1764287988, 28 Nov 2025 10:59:48 AEDT, 27 Nov 2025 23:59:48 UTC
~ 'https://api.stan.com.au/rec/v1/related?genres=Sport%2CFootball&maxRating=PG&source=5486795&started=true'
  status: ((200 OK)) headers: (Content-Type = application/json; charset=utf-8) (Vary = Accept-Encoding) (Cache-Control = max-age=285) (Date = Fri, 28 Nov 2025 00:00:03 GMT) (Connection = keep-alive) (Access-Control-Allow-Origin = *)   number of entries: 0
  total: 0
  vendor: 1
  model: related
  updated: 1764287988, 28 Nov 2025 10:59:48 AEDT, 27 Nov 2025 23:59:48 UTC
~ 'https://api.stan.com.au/rec/v1/related?genres=Sport%2CFootball&maxRating=PG&source=5486795&started=true'
  status: ((200 OK)) headers: (Content-Type = application/json; charset=utf-8) (Vary = Accept-Encoding) (Cache-Control = max-age=270) (Date = Fri, 28 Nov 2025 00:00:18 GMT) (Connection = keep-alive) (Access-Control-Allow-Origin = *)   number of entries: 0
  total: 0
  vendor: 1
  model: related
  updated: 1764287988, 28 Nov 2025 10:59:48 AEDT, 27 Nov 2025 23:59:48 UTC
~ 'https://api.stan.com.au/rec/v1/related?genres=Sport%2CFootball&maxRating=PG&source=5486795&started=true'
  status: ((200 OK)) headers: (Content-Type = application/json; charset=utf-8) (Vary = Accept-Encoding) (Cache-Control = max-age=255) (Date = Fri, 28 Nov 2025 00:00:33 GMT) (Connection = keep-alive) (Access-Control-Allow-Origin = *)   number of entries: 0
  total: 0
  vendor: 1
  model: related
  updated: 1764287988, 28 Nov 2025 10:59:48 AEDT, 27 Nov 2025 23:59:48 UTC
~ 'https://api.stan.com.au/rec/v1/related?genres=Sport%2CFootball&maxRating=PG&source=5486795&started=true'
  status: ((200 OK)) headers: (Content-Type = application/json; charset=utf-8) (Vary = Accept-Encoding) (Cache-Control = max-age=240) (Date = Fri, 28 Nov 2025 00:00:48 GMT) (Connection = keep-alive) (Access-Control-Allow-Origin = *)   number of entries: 0
  total: 0
  vendor: 1
  model: related
  updated: 1764287988, 28 Nov 2025 10:59:48 AEDT, 27 Nov 2025 23:59:48 UTC
~ 'https://api.stan.com.au/rec/v1/related?genres=Sport%2CFootball&maxRating=PG&source=5486795&started=true'
  status: ((200 OK)) headers: (Content-Type = application/json; charset=utf-8) (Vary = Accept-Encoding) (Cache-Control = max-age=225) (Date = Fri, 28 Nov 2025 00:01:03 GMT) (Connection = keep-alive) (Access-Control-Allow-Origin = *)   number of entries: 0
  total: 0
  vendor: 1
  model: related
  updated: 1764287988, 28 Nov 2025 10:59:48 AEDT, 27 Nov 2025 23:59:48 UTC
~ 'https://api.stan.com.au/rec/v1/related?genres=Sport%2CFootball&maxRating=PG&source=5486795&started=true'
  status: ((200 OK)) headers: (Content-Type = application/json; charset=utf-8) (Vary = Accept-Encoding) (Cache-Control = max-age=210) (Date = Fri, 28 Nov 2025 00:01:18 GMT) (Connection = keep-alive) (Access-Control-Allow-Origin = *)   number of entries: 0
  total: 0
  vendor: 1
  model: related
  updated: 1764287988, 28 Nov 2025 10:59:48 AEDT, 27 Nov 2025 23:59:48 UTC
~ 'https://api.stan.com.au/rec/v1/related?genres=Sport%2CFootball&maxRating=PG&source=5486795&started=true'
  status: ((200 OK)) headers: (Content-Type = application/json; charset=utf-8) (Vary = Accept-Encoding) (Cache-Control = max-age=195) (Date = Fri, 28 Nov 2025 00:01:33 GMT) (Connection = keep-alive) (Access-Control-Allow-Origin = *)   number of entries: 0
  total: 0
  vendor: 1
  model: related
  updated: 1764287988, 28 Nov 2025 10:59:48 AEDT, 27 Nov 2025 23:59:48 UTC
~ 'https://api.stan.com.au/rec/v1/related?genres=Sport%2CFootball&maxRating=PG&source=5486795&started=true'
  status: ((200 OK)) headers: (Content-Type = application/json; charset=utf-8) (Vary = Accept-Encoding) (Cache-Control = max-age=180) (Date = Fri, 28 Nov 2025 00:01:48 GMT) (Connection = keep-alive) (Access-Control-Allow-Origin = *)   number of entries: 0
  total: 0
  vendor: 1
  model: related
  updated: 1764287988, 28 Nov 2025 10:59:48 AEDT, 27 Nov 2025 23:59:48 UTC
~ 'https://api.stan.com.au/rec/v1/related?genres=Sport%2CFootball&maxRating=PG&source=5486795&started=true'
  status: ((200 OK)) headers: (Content-Type = application/json; charset=utf-8) (Vary = Accept-Encoding) (Cache-Control = max-age=165) (Date = Fri, 28 Nov 2025 00:02:03 GMT) (Connection = keep-alive) (Access-Control-Allow-Origin = *)   number of entries: 0
  total: 0
  vendor: 1
  model: related
  updated: 1764287988, 28 Nov 2025 10:59:48 AEDT, 27 Nov 2025 23:59:48 UTC
~ 'https://api.stan.com.au/rec/v1/related?genres=Sport%2CFootball&maxRating=PG&source=5486795&started=true'
  status: ((200 OK)) headers: (Content-Type = application/json; charset=utf-8) (Vary = Accept-Encoding) (Cache-Control = max-age=150) (Date = Fri, 28 Nov 2025 00:02:18 GMT) (Connection = keep-alive) (Access-Control-Allow-Origin = *)   number of entries: 0
  total: 0
  vendor: 1
  model: related
  updated: 1764287988, 28 Nov 2025 10:59:48 AEDT, 27 Nov 2025 23:59:48 UTC
~ 'https://api.stan.com.au/rec/v1/related?genres=Sport%2CFootball&maxRating=PG&source=5486795&started=true'
  status: ((200 OK)) headers: (Content-Type = application/json; charset=utf-8) (Vary = Accept-Encoding) (Cache-Control = max-age=135) (Date = Fri, 28 Nov 2025 00:02:33 GMT) (Connection = keep-alive) (Access-Control-Allow-Origin = *)   number of entries: 0
  total: 0
  vendor: 1
  model: related
  updated: 1764287988, 28 Nov 2025 10:59:48 AEDT, 27 Nov 2025 23:59:48 UTC
~ 'https://api.stan.com.au/rec/v1/related?genres=Sport%2CFootball&maxRating=PG&source=5486795&started=true'
  status: ((200 OK)) headers: (Content-Type = application/json; charset=utf-8) (Vary = Accept-Encoding) (Cache-Control = max-age=120) (Date = Fri, 28 Nov 2025 00:02:48 GMT) (Connection = keep-alive) (Access-Control-Allow-Origin = *)   number of entries: 0
  total: 0
  vendor: 1
  model: related
  updated: 1764287988, 28 Nov 2025 10:59:48 AEDT, 27 Nov 2025 23:59:48 UTC
~ 'https://api.stan.com.au/rec/v1/related?genres=Sport%2CFootball&maxRating=PG&source=5486795&started=true'
  status: ((200 OK)) headers: (Content-Type = application/json; charset=utf-8) (Vary = Accept-Encoding) (Cache-Control = max-age=105) (Date = Fri, 28 Nov 2025 00:03:03 GMT) (Connection = keep-alive) (Access-Control-Allow-Origin = *)   number of entries: 0
  total: 0
  vendor: 1
  model: related
  updated: 1764287988, 28 Nov 2025 10:59:48 AEDT, 27 Nov 2025 23:59:48 UTC
~ 'https://api.stan.com.au/rec/v1/related?genres=Sport%2CFootball&maxRating=PG&source=5486795&started=true'
  status: ((200 OK)) headers: (Content-Type = application/json; charset=utf-8) (Vary = Accept-Encoding) (Cache-Control = max-age=89) (Date = Fri, 28 Nov 2025 00:03:19 GMT) (Connection = keep-alive) (Access-Control-Allow-Origin = *)   number of entries: 0
  total: 0
  vendor: 1
  model: related
  updated: 1764287988, 28 Nov 2025 10:59:48 AEDT, 27 Nov 2025 23:59:48 UTC
~ 'https://api.stan.com.au/rec/v1/related?genres=Sport%2CFootball&maxRating=PG&source=5486795&started=true'
  status: ((200 OK)) headers: (Content-Type = application/json; charset=utf-8) (Vary = Accept-Encoding) (Cache-Control = max-age=74) (Date = Fri, 28 Nov 2025 00:03:34 GMT) (Connection = keep-alive) (Access-Control-Allow-Origin = *)   number of entries: 0
  total: 0
  vendor: 1
  model: related
  updated: 1764287988, 28 Nov 2025 10:59:48 AEDT, 27 Nov 2025 23:59:48 UTC
~ 'https://api.stan.com.au/rec/v1/related?genres=Sport%2CFootball&maxRating=PG&source=5486795&started=true'
  status: ((200 OK)) headers: (Content-Type = application/json; charset=utf-8) (Vary = Accept-Encoding) (Cache-Control = max-age=59) (Date = Fri, 28 Nov 2025 00:03:49 GMT) (Connection = keep-alive) (Access-Control-Allow-Origin = *)   number of entries: 0
  total: 0
  vendor: 1
  model: related
  updated: 1764287988, 28 Nov 2025 10:59:48 AEDT, 27 Nov 2025 23:59:48 UTC
~ 'https://api.stan.com.au/rec/v1/related?genres=Sport%2CFootball&maxRating=PG&source=5486795&started=true'
  status: ((200 OK)) headers: (Content-Type = application/json; charset=utf-8) (Vary = Accept-Encoding) (Cache-Control = max-age=44) (Date = Fri, 28 Nov 2025 00:04:04 GMT) (Connection = keep-alive) (Access-Control-Allow-Origin = *)   number of entries: 0
  total: 0
  vendor: 1
  model: related
  updated: 1764287988, 28 Nov 2025 10:59:48 AEDT, 27 Nov 2025 23:59:48 UTC
~ 'https://api.stan.com.au/rec/v1/related?genres=Sport%2CFootball&maxRating=PG&source=5486795&started=true'
  status: ((200 OK)) headers: (Content-Type = application/json; charset=utf-8) (Vary = Accept-Encoding) (Cache-Control = max-age=29) (Date = Fri, 28 Nov 2025 00:04:19 GMT) (Connection = keep-alive) (Access-Control-Allow-Origin = *)   number of entries: 0
  total: 0
  vendor: 1
  model: related
  updated: 1764287988, 28 Nov 2025 10:59:48 AEDT, 27 Nov 2025 23:59:48 UTC
~ 'https://api.stan.com.au/rec/v1/related?genres=Sport%2CFootball&maxRating=PG&source=5486795&started=true'
  status: ((200 OK)) headers: (Content-Type = application/json; charset=utf-8) (Vary = Accept-Encoding) (Cache-Control = max-age=14) (Date = Fri, 28 Nov 2025 00:04:34 GMT) (Connection = keep-alive) (Access-Control-Allow-Origin = *)   number of entries: 0
  total: 0
  vendor: 1
  model: related
  updated: 1764287988, 28 Nov 2025 10:59:48 AEDT, 27 Nov 2025 23:59:48 UTC
~ 'https://api.stan.com.au/rec/v1/related?genres=Sport%2CFootball&maxRating=PG&source=5486795&started=true'
  status: ((200 OK)) headers: (Content-Type = application/json; charset=utf-8) (Vary = Accept-Encoding) (Cache-Control = max-age=300) (Date = Fri, 28 Nov 2025 00:04:49 GMT) (Connection = keep-alive) (Access-Control-Allow-Origin = *) ~ '  body has changed'
  number of entries: 0
  total: 0
  vendor: 1
  model: related
  updated: 1764288289, 28 Nov 2025 11:04:49 AEDT, 28 Nov 2025 00:04:49 UTC
~ 'https://api.stan.com.au/rec/v1/related?genres=Sport%2CFootball&maxRating=PG&source=5486795&started=true'
  status: ((200 OK)) headers: (Content-Type = application/json; charset=utf-8) (Vary = Accept-Encoding) (Cache-Control = max-age=285) (Date = Fri, 28 Nov 2025 00:05:04 GMT) (Connection = keep-alive) (Access-Control-Allow-Origin = *)   number of entries: 0
  total: 0
  vendor: 1
  model: related
  updated: 1764288289, 28 Nov 2025 11:04:49 AEDT, 28 Nov 2025 00:04:49 UTC
~ 'https://api.stan.com.au/rec/v1/related?genres=Sport%2CFootball&maxRating=PG&source=5486795&started=true'
  status: ((200 OK)) headers: (Content-Type = application/json; charset=utf-8) (Vary = Accept-Encoding) (Cache-Control = max-age=270) (Date = Fri, 28 Nov 2025 00:05:19 GMT) (Connection = keep-alive) (Access-Control-Allow-Origin = *)   number of entries: 0
  total: 0
  vendor: 1
  model: related
  updated: 1764288289, 28 Nov 2025 11:04:49 AEDT, 28 Nov 2025 00:04:49 UTC
~ 'https://api.stan.com.au/rec/v1/related?genres=Sport%2CFootball&maxRating=PG&source=5486795&started=true'
  status: ((200 OK)) headers: (Content-Type = application/json; charset=utf-8) (Vary = Accept-Encoding) (Cache-Control = max-age=255) (Date = Fri, 28 Nov 2025 00:05:34 GMT) (Connection = keep-alive) (Access-Control-Allow-Origin = *)   number of entries: 0
  total: 0
  vendor: 1
  model: related
  updated: 1764288289, 28 Nov 2025 11:04:49 AEDT, 28 Nov 2025 00:04:49 UTC
~ 'https://api.stan.com.au/rec/v1/related?genres=Sport%2CFootball&maxRating=PG&source=5486795&started=true'
  status: ((200 OK)) headers: (Content-Type = application/json; charset=utf-8) (Vary = Accept-Encoding) (Cache-Control = max-age=240) (Date = Fri, 28 Nov 2025 00:05:49 GMT) (Connection = keep-alive) (Access-Control-Allow-Origin = *)   number of entries: 0
  total: 0
  vendor: 1
  model: related
  updated: 1764288289, 28 Nov 2025 11:04:49 AEDT, 28 Nov 2025 00:04:49 UTC
~ 'https://api.stan.com.au/rec/v1/related?genres=Sport%2CFootball&maxRating=PG&source=5486795&started=true'
  status: ((200 OK)) headers: (Content-Type = application/json; charset=utf-8) (Vary = Accept-Encoding) (Cache-Control = max-age=225) (Date = Fri, 28 Nov 2025 00:06:04 GMT) (Connection = keep-alive) (Access-Control-Allow-Origin = *)   number of entries: 0
  total: 0
  vendor: 1
  model: related
  updated: 1764288289, 28 Nov 2025 11:04:49 AEDT, 28 Nov 2025 00:04:49 UTC
~ 'https://api.stan.com.au/rec/v1/related?genres=Sport%2CFootball&maxRating=PG&source=5486795&started=true'
  status: ((200 OK)) headers: (Content-Type = application/json; charset=utf-8) (Vary = Accept-Encoding) (Cache-Control = max-age=210) (Date = Fri, 28 Nov 2025 00:06:19 GMT) (Connection = keep-alive) (Access-Control-Allow-Origin = *)   number of entries: 0
  total: 0
  vendor: 1
  model: related
  updated: 1764288289, 28 Nov 2025 11:04:49 AEDT, 28 Nov 2025 00:04:49 UTC
~ 'https://api.stan.com.au/rec/v1/related?genres=Sport%2CFootball&maxRating=PG&source=5486795&started=true'
  status: ((200 OK)) headers: (Content-Type = application/json; charset=utf-8) (Vary = Accept-Encoding) (Cache-Control = max-age=195) (Date = Fri, 28 Nov 2025 00:06:34 GMT) (Connection = keep-alive) (Access-Control-Allow-Origin = *)   number of entries: 0
  total: 0
  vendor: 1
  model: related
  updated: 1764288289, 28 Nov 2025 11:04:49 AEDT, 28 Nov 2025 00:04:49 UTC
~ 'https://api.stan.com.au/rec/v1/related?genres=Sport%2CFootball&maxRating=PG&source=5486795&started=true'
  status: ((200 OK)) headers: (Content-Type = application/json; charset=utf-8) (Vary = Accept-Encoding) (Cache-Control = max-age=180) (Date = Fri, 28 Nov 2025 00:06:49 GMT) (Connection = keep-alive) (Access-Control-Allow-Origin = *)   number of entries: 0
  total: 0
  vendor: 1
  model: related
  updated: 1764288289, 28 Nov 2025 11:04:49 AEDT, 28 Nov 2025 00:04:49 UTC
~ 'https://api.stan.com.au/rec/v1/related?genres=Sport%2CFootball&maxRating=PG&source=5486795&started=true'
  status: ((200 OK)) headers: (Content-Type = application/json; charset=utf-8) (Vary = Accept-Encoding) (Cache-Control = max-age=165) (Date = Fri, 28 Nov 2025 00:07:04 GMT) (Connection = keep-alive) (Access-Control-Allow-Origin = *)   number of entries: 0
  total: 0
  vendor: 1
  model: related
  updated: 1764288289, 28 Nov 2025 11:04:49 AEDT, 28 Nov 2025 00:04:49 UTC
~ 'https://api.stan.com.au/rec/v1/related?genres=Sport%2CFootball&maxRating=PG&source=5486795&started=true'
  status: ((200 OK)) headers: (Content-Type = application/json; charset=utf-8) (Vary = Accept-Encoding) (Cache-Control = max-age=149) (Date = Fri, 28 Nov 2025 00:07:20 GMT) (Connection = keep-alive) (Access-Control-Allow-Origin = *)   number of entries: 0
  total: 0
  vendor: 1
  model: related
  updated: 1764288289, 28 Nov 2025 11:04:49 AEDT, 28 Nov 2025 00:04:49 UTC
~ 'https://api.stan.com.au/rec/v1/related?genres=Sport%2CFootball&maxRating=PG&source=5486795&started=true'
  status: ((200 OK)) headers: (Content-Type = application/json; charset=utf-8) (Vary = Accept-Encoding) (Cache-Control = max-age=134) (Date = Fri, 28 Nov 2025 00:07:35 GMT) (Connection = keep-alive) (Access-Control-Allow-Origin = *)   number of entries: 0
  total: 0
  vendor: 1
  model: related
  updated: 1764288289, 28 Nov 2025 11:04:49 AEDT, 28 Nov 2025 00:04:49 UTC
~ 'https://api.stan.com.au/rec/v1/related?genres=Sport%2CFootball&maxRating=PG&source=5486795&started=true'
  status: ((200 OK)) headers: (Content-Type = application/json; charset=utf-8) (Vary = Accept-Encoding) (Cache-Control = max-age=119) (Date = Fri, 28 Nov 2025 00:07:50 GMT) (Connection = keep-alive) (Access-Control-Allow-Origin = *)   number of entries: 0
  total: 0
  vendor: 1
  model: related
  updated: 1764288289, 28 Nov 2025 11:04:49 AEDT, 28 Nov 2025 00:04:49 UTC
~ 'https://api.stan.com.au/rec/v1/related?genres=Sport%2CFootball&maxRating=PG&source=5486795&started=true'
  status: ((200 OK)) headers: (Content-Type = application/json; charset=utf-8) (Vary = Accept-Encoding) (Cache-Control = max-age=104) (Date = Fri, 28 Nov 2025 00:08:05 GMT) (Connection = keep-alive) (Access-Control-Allow-Origin = *)   number of entries: 0
  total: 0
  vendor: 1
  model: related
  updated: 1764288289, 28 Nov 2025 11:04:49 AEDT, 28 Nov 2025 00:04:49 UTC
~ 'https://api.stan.com.au/rec/v1/related?genres=Sport%2CFootball&maxRating=PG&source=5486795&started=true'
  status: ((200 OK)) headers: (Content-Type = application/json; charset=utf-8) (Vary = Accept-Encoding) (Cache-Control = max-age=89) (Date = Fri, 28 Nov 2025 00:08:20 GMT) (Connection = keep-alive) (Access-Control-Allow-Origin = *)   number of entries: 0
  total: 0
  vendor: 1
  model: related
  updated: 1764288289, 28 Nov 2025 11:04:49 AEDT, 28 Nov 2025 00:04:49 UTC
~ 'https://api.stan.com.au/rec/v1/related?genres=Sport%2CFootball&maxRating=PG&source=5486795&started=true'
  status: ((200 OK)) headers: (Content-Type = application/json; charset=utf-8) (Vary = Accept-Encoding) (Cache-Control = max-age=74) (Date = Fri, 28 Nov 2025 00:08:35 GMT) (Connection = keep-alive) (Access-Control-Allow-Origin = *)   number of entries: 0
  total: 0
  vendor: 1
  model: related
  updated: 1764288289, 28 Nov 2025 11:04:49 AEDT, 28 Nov 2025 00:04:49 UTC
~ 'https://api.stan.com.au/rec/v1/related?genres=Sport%2CFootball&maxRating=PG&source=5486795&started=true'
  status: ((200 OK)) headers: (Content-Type = application/json; charset=utf-8) (Vary = Accept-Encoding) (Cache-Control = max-age=59) (Date = Fri, 28 Nov 2025 00:08:50 GMT) (Connection = keep-alive) (Access-Control-Allow-Origin = *)   number of entries: 0
  total: 0
  vendor: 1
  model: related
  updated: 1764288289, 28 Nov 2025 11:04:49 AEDT, 28 Nov 2025 00:04:49 UTC
~ 'https://api.stan.com.au/rec/v1/related?genres=Sport%2CFootball&maxRating=PG&source=5486795&started=true'
  status: ((200 OK)) headers: (Content-Type = application/json; charset=utf-8) (Vary = Accept-Encoding) (Cache-Control = max-age=44) (Date = Fri, 28 Nov 2025 00:09:05 GMT) (Connection = keep-alive) (Access-Control-Allow-Origin = *)   number of entries: 0
  total: 0
  vendor: 1
  model: related
  updated: 1764288289, 28 Nov 2025 11:04:49 AEDT, 28 Nov 2025 00:04:49 UTC
~ 'https://api.stan.com.au/rec/v1/related?genres=Sport%2CFootball&maxRating=PG&source=5486795&started=true'
  status: ((200 OK)) headers: (Content-Type = application/json; charset=utf-8) (Vary = Accept-Encoding) (Cache-Control = max-age=29) (Date = Fri, 28 Nov 2025 00:09:20 GMT) (Connection = keep-alive) (Access-Control-Allow-Origin = *)   number of entries: 0
  total: 0
  vendor: 1
  model: related
  updated: 1764288289, 28 Nov 2025 11:04:49 AEDT, 28 Nov 2025 00:04:49 UTC
~ 'https://api.stan.com.au/rec/v1/related?genres=Sport%2CFootball&maxRating=PG&source=5486795&started=true'
  status: ((200 OK)) headers: (Content-Type = application/json; charset=utf-8) (Vary = Accept-Encoding) (Cache-Control = max-age=14) (Date = Fri, 28 Nov 2025 00:09:35 GMT) (Connection = keep-alive) (Access-Control-Allow-Origin = *)   number of entries: 0
  total: 0
  vendor: 1
  model: related
  updated: 1764288289, 28 Nov 2025 11:04:49 AEDT, 28 Nov 2025 00:04:49 UTC
~ 'https://api.stan.com.au/rec/v1/related?genres=Sport%2CFootball&maxRating=PG&source=5486795&started=true'
  status: ((200 OK)) headers: (Content-Type = application/json; charset=utf-8) (Vary = Accept-Encoding) (Cache-Control = max-age=300) (Date = Fri, 28 Nov 2025 00:09:50 GMT) (Connection = keep-alive) (Access-Control-Allow-Origin = *) ~ '  body has changed'
  number of entries: 0
  total: 0
  vendor: 1
  model: related
  updated: 1764288590, 28 Nov 2025 11:09:50 AEDT, 28 Nov 2025 00:09:50 UTC
~ 'https://api.stan.com.au/rec/v1/related?genres=Sport%2CFootball&maxRating=PG&source=5486795&started=true'
  status: ((200 OK)) headers: (Content-Type = application/json; charset=utf-8) (Vary = Accept-Encoding) (Cache-Control = max-age=285) (Date = Fri, 28 Nov 2025 00:10:05 GMT) (Connection = keep-alive) (Access-Control-Allow-Origin = *)   number of entries: 0
  total: 0
  vendor: 1
  model: related
  updated: 1764288590, 28 Nov 2025 11:09:50 AEDT, 28 Nov 2025 00:09:50 UTC
~ 'https://api.stan.com.au/rec/v1/related?genres=Sport%2CFootball&maxRating=PG&source=5486795&started=true'
  status: ((200 OK)) headers: (Content-Type = application/json; charset=utf-8) (Vary = Accept-Encoding) (Cache-Control = max-age=270) (Date = Fri, 28 Nov 2025 00:10:20 GMT) (Connection = keep-alive) (Access-Control-Allow-Origin = *)   number of entries: 0
  total: 0
  vendor: 1
  model: related
  updated: 1764288590, 28 Nov 2025 11:09:50 AEDT, 28 Nov 2025 00:09:50 UTC
~ 'https://api.stan.com.au/rec/v1/related?genres=Sport%2CFootball&maxRating=PG&source=5486795&started=true'
  status: ((200 OK)) headers: (Content-Type = application/json; charset=utf-8) (Vary = Accept-Encoding) (Cache-Control = max-age=255) (Date = Fri, 28 Nov 2025 00:10:35 GMT) (Connection = keep-alive) (Access-Control-Allow-Origin = *)   number of entries: 0
  total: 0
  vendor: 1
  model: related
  updated: 1764288590, 28 Nov 2025 11:09:50 AEDT, 28 Nov 2025 00:09:50 UTC
~ 'https://api.stan.com.au/rec/v1/related?genres=Sport%2CFootball&maxRating=PG&source=5486795&started=true'
  status: ((200 OK)) headers: (Content-Type = application/json; charset=utf-8) (Vary = Accept-Encoding) (Cache-Control = max-age=240) (Date = Fri, 28 Nov 2025 00:10:50 GMT) (Connection = keep-alive) (Access-Control-Allow-Origin = *)   number of entries: 0
  total: 0
  vendor: 1
  model: related
  updated: 1764288590, 28 Nov 2025 11:09:50 AEDT, 28 Nov 2025 00:09:50 UTC
~ 'https://api.stan.com.au/rec/v1/related?genres=Sport%2CFootball&maxRating=PG&source=5486795&started=true'
  status: ((200 OK)) headers: (Content-Type = application/json; charset=utf-8) (Vary = Accept-Encoding) (Cache-Control = max-age=224) (Date = Fri, 28 Nov 2025 00:11:06 GMT) (Connection = keep-alive) (Access-Control-Allow-Origin = *)   number of entries: 0
  total: 0
  vendor: 1
  model: related
  updated: 1764288590, 28 Nov 2025 11:09:50 AEDT, 28 Nov 2025 00:09:50 UTC
~ 'https://api.stan.com.au/rec/v1/related?genres=Sport%2CFootball&maxRating=PG&source=5486795&started=true'
  status: ((200 OK)) headers: (Content-Type = application/json; charset=utf-8) (Vary = Accept-Encoding) (Cache-Control = max-age=209) (Date = Fri, 28 Nov 2025 00:11:21 GMT) (Connection = keep-alive) (Access-Control-Allow-Origin = *)   number of entries: 0
  total: 0
  vendor: 1
  model: related
  updated: 1764288590, 28 Nov 2025 11:09:50 AEDT, 28 Nov 2025 00:09:50 UTC
~ 'https://api.stan.com.au/rec/v1/related?genres=Sport%2CFootball&maxRating=PG&source=5486795&started=true'
  status: ((200 OK)) headers: (Content-Type = application/json; charset=utf-8) (Vary = Accept-Encoding) (Cache-Control = max-age=194) (Date = Fri, 28 Nov 2025 00:11:36 GMT) (Connection = keep-alive) (Access-Control-Allow-Origin = *)   number of entries: 0
  total: 0
  vendor: 1
  model: related
  updated: 1764288590, 28 Nov 2025 11:09:50 AEDT, 28 Nov 2025 00:09:50 UTC
~ 'https://api.stan.com.au/rec/v1/related?genres=Sport%2CFootball&maxRating=PG&source=5486795&started=true'
  status: ((200 OK)) headers: (Content-Type = application/json; charset=utf-8) (Vary = Accept-Encoding) (Cache-Control = max-age=179) (Date = Fri, 28 Nov 2025 00:11:51 GMT) (Connection = keep-alive) (Access-Control-Allow-Origin = *)   number of entries: 0
  total: 0
  vendor: 1
  model: related
  updated: 1764288590, 28 Nov 2025 11:09:50 AEDT, 28 Nov 2025 00:09:50 UTC
~ 'https://api.stan.com.au/rec/v1/related?genres=Sport%2CFootball&maxRating=PG&source=5486795&started=true'
  status: ((200 OK)) headers: (Content-Type = application/json; charset=utf-8) (Vary = Accept-Encoding) (Cache-Control = max-age=164) (Date = Fri, 28 Nov 2025 00:12:06 GMT) (Connection = keep-alive) (Access-Control-Allow-Origin = *)   number of entries: 0
  total: 0
  vendor: 1
  model: related
  updated: 1764288590, 28 Nov 2025 11:09:50 AEDT, 28 Nov 2025 00:09:50 UTC
~ 'https://api.stan.com.au/rec/v1/related?genres=Sport%2CFootball&maxRating=PG&source=5486795&started=true'
  status: ((200 OK)) headers: (Content-Type = application/json; charset=utf-8) (Vary = Accept-Encoding) (Cache-Control = max-age=149) (Date = Fri, 28 Nov 2025 00:12:21 GMT) (Connection = keep-alive) (Access-Control-Allow-Origin = *)   number of entries: 0
  total: 0
  vendor: 1
  model: related
  updated: 1764288590, 28 Nov 2025 11:09:50 AEDT, 28 Nov 2025 00:09:50 UTC
~ 'https://api.stan.com.au/rec/v1/related?genres=Sport%2CFootball&maxRating=PG&source=5486795&started=true'
  status: ((200 OK)) headers: (Content-Type = application/json; charset=utf-8) (Vary = Accept-Encoding) (Cache-Control = max-age=134) (Date = Fri, 28 Nov 2025 00:12:36 GMT) (Connection = keep-alive) (Access-Control-Allow-Origin = *)   number of entries: 0
  total: 0
  vendor: 1
  model: related
  updated: 1764288590, 28 Nov 2025 11:09:50 AEDT, 28 Nov 2025 00:09:50 UTC
~ 'https://api.stan.com.au/rec/v1/related?genres=Sport%2CFootball&maxRating=PG&source=5486795&started=true'
  status: ((200 OK)) headers: (Content-Type = application/json; charset=utf-8) (Vary = Accept-Encoding) (Cache-Control = max-age=119) (Date = Fri, 28 Nov 2025 00:12:51 GMT) (Connection = keep-alive) (Access-Control-Allow-Origin = *)   number of entries: 0
  total: 0
  vendor: 1
  model: related
  updated: 1764288590, 28 Nov 2025 11:09:50 AEDT, 28 Nov 2025 00:09:50 UTC
~ 'https://api.stan.com.au/rec/v1/related?genres=Sport%2CFootball&maxRating=PG&source=5486795&started=true'
  status: ((200 OK)) headers: (Content-Type = application/json; charset=utf-8) (Vary = Accept-Encoding) (Cache-Control = max-age=104) (Date = Fri, 28 Nov 2025 00:13:06 GMT) (Connection = keep-alive) (Access-Control-Allow-Origin = *)   number of entries: 0
  total: 0
  vendor: 1
  model: related
  updated: 1764288590, 28 Nov 2025 11:09:50 AEDT, 28 Nov 2025 00:09:50 UTC
~ 'https://api.stan.com.au/rec/v1/related?genres=Sport%2CFootball&maxRating=PG&source=5486795&started=true'
  status: ((200 OK)) headers: (Content-Type = application/json; charset=utf-8) (Vary = Accept-Encoding) (Cache-Control = max-age=89) (Date = Fri, 28 Nov 2025 00:13:21 GMT) (Connection = keep-alive) (Access-Control-Allow-Origin = *)   number of entries: 0
  total: 0
  vendor: 1
  model: related
  updated: 1764288590, 28 Nov 2025 11:09:50 AEDT, 28 Nov 2025 00:09:50 UTC
~ 'https://api.stan.com.au/rec/v1/related?genres=Sport%2CFootball&maxRating=PG&source=5486795&started=true'
  status: ((200 OK)) headers: (Content-Type = application/json; charset=utf-8) (Vary = Accept-Encoding) (Cache-Control = max-age=74) (Date = Fri, 28 Nov 2025 00:13:36 GMT) (Connection = keep-alive) (Access-Control-Allow-Origin = *)   number of entries: 0
  total: 0
  vendor: 1
  model: related
  updated: 1764288590, 28 Nov 2025 11:09:50 AEDT, 28 Nov 2025 00:09:50 UTC
~ 'https://api.stan.com.au/rec/v1/related?genres=Sport%2CFootball&maxRating=PG&source=5486795&started=true'
  status: ((200 OK)) headers: (Content-Type = application/json; charset=utf-8) (Vary = Accept-Encoding) (Cache-Control = max-age=59) (Date = Fri, 28 Nov 2025 00:13:51 GMT) (Connection = keep-alive) (Access-Control-Allow-Origin = *)   number of entries: 0
  total: 0
  vendor: 1
  model: related
  updated: 1764288590, 28 Nov 2025 11:09:50 AEDT, 28 Nov 2025 00:09:50 UTC
~ 'https://api.stan.com.au/rec/v1/related?genres=Sport%2CFootball&maxRating=PG&source=5486795&started=true'
  status: ((200 OK)) headers: (Content-Type = application/json; charset=utf-8) (Vary = Accept-Encoding) (Cache-Control = max-age=44) (Date = Fri, 28 Nov 2025 00:14:06 GMT) (Connection = keep-alive) (Access-Control-Allow-Origin = *)   number of entries: 0
  total: 0
  vendor: 1
  model: related
  updated: 1764288590, 28 Nov 2025 11:09:50 AEDT, 28 Nov 2025 00:09:50 UTC
~ 'https://api.stan.com.au/rec/v1/related?genres=Sport%2CFootball&maxRating=PG&source=5486795&started=true'
  status: ((200 OK)) headers: (Content-Type = application/json; charset=utf-8) (Vary = Accept-Encoding) (Cache-Control = max-age=29) (Date = Fri, 28 Nov 2025 00:14:21 GMT) (Connection = keep-alive) (Access-Control-Allow-Origin = *)   number of entries: 0
  total: 0
  vendor: 1
  model: related
  updated: 1764288590, 28 Nov 2025 11:09:50 AEDT, 28 Nov 2025 00:09:50 UTC
~ 'https://api.stan.com.au/rec/v1/related?genres=Sport%2CFootball&maxRating=PG&source=5486795&started=true'
  status: ((200 OK)) headers: (Content-Type = application/json; charset=utf-8) (Vary = Accept-Encoding) (Cache-Control = max-age=14) (Date = Fri, 28 Nov 2025 00:14:36 GMT) (Connection = keep-alive) (Access-Control-Allow-Origin = *)   number of entries: 0
  total: 0
  vendor: 1
  model: related
  updated: 1764288590, 28 Nov 2025 11:09:50 AEDT, 28 Nov 2025 00:09:50 UTC
~ 'https://api.stan.com.au/rec/v1/related?genres=Sport%2CFootball&maxRating=PG&source=5486795&started=true'
  status: ((200 OK)) headers: (Content-Type = application/json; charset=utf-8) (Vary = Accept-Encoding) (Cache-Control = max-age=300) (Date = Fri, 28 Nov 2025 00:14:52 GMT) (Connection = keep-alive) (Access-Control-Allow-Origin = *) ~ '  body has changed'
  number of entries: 0
  total: 0
  vendor: 1
  model: related
  updated: 1764288892, 28 Nov 2025 11:14:52 AEDT, 28 Nov 2025 00:14:52 UTC
~ 'https://api.stan.com.au/rec/v1/related?genres=Sport%2CFootball&maxRating=PG&source=5486795&started=true'
  status: ((200 OK)) headers: (Content-Type = application/json; charset=utf-8) (Vary = Accept-Encoding) (Cache-Control = max-age=285) (Date = Fri, 28 Nov 2025 00:15:07 GMT) (Connection = keep-alive) (Access-Control-Allow-Origin = *)   number of entries: 0
  total: 0
  vendor: 1
  model: related
  updated: 1764288892, 28 Nov 2025 11:14:52 AEDT, 28 Nov 2025 00:14:52 UTC
~ 'https://api.stan.com.au/rec/v1/related?genres=Sport%2CFootball&maxRating=PG&source=5486795&started=true'
  status: ((200 OK)) headers: (Content-Type = application/json; charset=utf-8) (Vary = Accept-Encoding) (Cache-Control = max-age=270) (Date = Fri, 28 Nov 2025 00:15:22 GMT) (Connection = keep-alive) (Access-Control-Allow-Origin = *)   number of entries: 0
  total: 0
  vendor: 1
  model: related
  updated: 1764288892, 28 Nov 2025 11:14:52 AEDT, 28 Nov 2025 00:14:52 UTC
~ 'https://api.stan.com.au/rec/v1/related?genres=Sport%2CFootball&maxRating=PG&source=5486795&started=true'
  status: ((200 OK)) headers: (Content-Type = application/json; charset=utf-8) (Vary = Accept-Encoding) (Cache-Control = max-age=255) (Date = Fri, 28 Nov 2025 00:15:37 GMT) (Connection = keep-alive) (Access-Control-Allow-Origin = *)   number of entries: 0
  total: 0
  vendor: 1
  model: related
  updated: 1764288892, 28 Nov 2025 11:14:52 AEDT, 28 Nov 2025 00:14:52 UTC
~ 'https://api.stan.com.au/rec/v1/related?genres=Sport%2CFootball&maxRating=PG&source=5486795&started=true'
  status: ((200 OK)) headers: (Content-Type = application/json; charset=utf-8) (Vary = Accept-Encoding) (Cache-Control = max-age=240) (Date = Fri, 28 Nov 2025 00:15:52 GMT) (Connection = keep-alive) (Access-Control-Allow-Origin = *)   number of entries: 0
  total: 0
  vendor: 1
  model: related
  updated: 1764288892, 28 Nov 2025 11:14:52 AEDT, 28 Nov 2025 00:14:52 UTC
~ 'https://api.stan.com.au/rec/v1/related?genres=Sport%2CFootball&maxRating=PG&source=5486795&started=true'
  status: ((200 OK)) headers: (Content-Type = application/json; charset=utf-8) (Vary = Accept-Encoding) (Cache-Control = max-age=225) (Date = Fri, 28 Nov 2025 00:16:07 GMT) (Connection = keep-alive) (Access-Control-Allow-Origin = *)   number of entries: 0
  total: 0
  vendor: 1
  model: related
  updated: 1764288892, 28 Nov 2025 11:14:52 AEDT, 28 Nov 2025 00:14:52 UTC
~ 'https://api.stan.com.au/rec/v1/related?genres=Sport%2CFootball&maxRating=PG&source=5486795&started=true'
  status: ((200 OK)) headers: (Content-Type = application/json; charset=utf-8) (Vary = Accept-Encoding) (Cache-Control = max-age=210) (Date = Fri, 28 Nov 2025 00:16:22 GMT) (Connection = keep-alive) (Access-Control-Allow-Origin = *)   number of entries: 0
  total: 0
  vendor: 1
  model: related
  updated: 1764288892, 28 Nov 2025 11:14:52 AEDT, 28 Nov 2025 00:14:52 UTC
~ 'https://api.stan.com.au/rec/v1/related?genres=Sport%2CFootball&maxRating=PG&source=5486795&started=true'
  status: ((200 OK)) headers: (Content-Type = application/json; charset=utf-8) (Vary = Accept-Encoding) (Cache-Control = max-age=195) (Date = Fri, 28 Nov 2025 00:16:37 GMT) (Connection = keep-alive) (Access-Control-Allow-Origin = *)   number of entries: 0
  total: 0
  vendor: 1
  model: related
  updated: 1764288892, 28 Nov 2025 11:14:52 AEDT, 28 Nov 2025 00:14:52 UTC
~ 'https://api.stan.com.au/rec/v1/related?genres=Sport%2CFootball&maxRating=PG&source=5486795&started=true'
  status: ((200 OK)) headers: (Content-Type = application/json; charset=utf-8) (Vary = Accept-Encoding) (Cache-Control = max-age=180) (Date = Fri, 28 Nov 2025 00:16:52 GMT) (Connection = keep-alive) (Access-Control-Allow-Origin = *)   number of entries: 0
  total: 0
  vendor: 1
  model: related
  updated: 1764288892, 28 Nov 2025 11:14:52 AEDT, 28 Nov 2025 00:14:52 UTC
~ 'https://api.stan.com.au/rec/v1/related?genres=Sport%2CFootball&maxRating=PG&source=5486795&started=true'
  status: ((200 OK)) headers: (Content-Type = application/json; charset=utf-8) (Vary = Accept-Encoding) (Cache-Control = max-age=165) (Date = Fri, 28 Nov 2025 00:17:07 GMT) (Connection = keep-alive) (Access-Control-Allow-Origin = *)   number of entries: 0
  total: 0
  vendor: 1
  model: related
  updated: 1764288892, 28 Nov 2025 11:14:52 AEDT, 28 Nov 2025 00:14:52 UTC
~ 'https://api.stan.com.au/rec/v1/related?genres=Sport%2CFootball&maxRating=PG&source=5486795&started=true'
  status: ((200 OK)) headers: (Content-Type = application/json; charset=utf-8) (Vary = Accept-Encoding) (Cache-Control = max-age=150) (Date = Fri, 28 Nov 2025 00:17:22 GMT) (Connection = keep-alive) (Access-Control-Allow-Origin = *)   number of entries: 0
  total: 0
  vendor: 1
  model: related
  updated: 1764288892, 28 Nov 2025 11:14:52 AEDT, 28 Nov 2025 00:14:52 UTC
~ 'https://api.stan.com.au/rec/v1/related?genres=Sport%2CFootball&maxRating=PG&source=5486795&started=true'
  status: ((200 OK)) headers: (Content-Type = application/json; charset=utf-8) (Vary = Accept-Encoding) (Cache-Control = max-age=135) (Date = Fri, 28 Nov 2025 00:17:37 GMT) (Connection = keep-alive) (Access-Control-Allow-Origin = *)   number of entries: 0
  total: 0
  vendor: 1
  model: related
  updated: 1764288892, 28 Nov 2025 11:14:52 AEDT, 28 Nov 2025 00:14:52 UTC
~ 'https://api.stan.com.au/rec/v1/related?genres=Sport%2CFootball&maxRating=PG&source=5486795&started=true'
  status: ((200 OK)) headers: (Content-Type = application/json; charset=utf-8) (Vary = Accept-Encoding) (Cache-Control = max-age=120) (Date = Fri, 28 Nov 2025 00:17:52 GMT) (Connection = keep-alive) (Access-Control-Allow-Origin = *)   number of entries: 0
  total: 0
  vendor: 1
  model: related
  updated: 1764288892, 28 Nov 2025 11:14:52 AEDT, 28 Nov 2025 00:14:52 UTC
~ 'https://api.stan.com.au/rec/v1/related?genres=Sport%2CFootball&maxRating=PG&source=5486795&started=true'
  status: ((200 OK)) headers: (Content-Type = application/json; charset=utf-8) (Vary = Accept-Encoding) (Cache-Control = max-age=105) (Date = Fri, 28 Nov 2025 00:18:07 GMT) (Connection = keep-alive) (Access-Control-Allow-Origin = *)   number of entries: 0
  total: 0
  vendor: 1
  model: related
  updated: 1764288892, 28 Nov 2025 11:14:52 AEDT, 28 Nov 2025 00:14:52 UTC
~ 'https://api.stan.com.au/rec/v1/related?genres=Sport%2CFootball&maxRating=PG&source=5486795&started=true'
  status: ((200 OK)) headers: (Content-Type = application/json; charset=utf-8) (Vary = Accept-Encoding) (Cache-Control = max-age=90) (Date = Fri, 28 Nov 2025 00:18:22 GMT) (Connection = keep-alive) (Access-Control-Allow-Origin = *)   number of entries: 0
  total: 0
  vendor: 1
  model: related
  updated: 1764288892, 28 Nov 2025 11:14:52 AEDT, 28 Nov 2025 00:14:52 UTC
~ 'https://api.stan.com.au/rec/v1/related?genres=Sport%2CFootball&maxRating=PG&source=5486795&started=true'
  status: ((200 OK)) headers: (Content-Type = application/json; charset=utf-8) (Vary = Accept-Encoding) (Cache-Control = max-age=74) (Date = Fri, 28 Nov 2025 00:18:38 GMT) (Connection = keep-alive) (Access-Control-Allow-Origin = *)   number of entries: 0
  total: 0
  vendor: 1
  model: related
  updated: 1764288892, 28 Nov 2025 11:14:52 AEDT, 28 Nov 2025 00:14:52 UTC
~ 'https://api.stan.com.au/rec/v1/related?genres=Sport%2CFootball&maxRating=PG&source=5486795&started=true'
  status: ((200 OK)) headers: (Content-Type = application/json; charset=utf-8) (Vary = Accept-Encoding) (Cache-Control = max-age=59) (Date = Fri, 28 Nov 2025 00:18:53 GMT) (Connection = keep-alive) (Access-Control-Allow-Origin = *)   number of entries: 0
  total: 0
  vendor: 1
  model: related
  updated: 1764288892, 28 Nov 2025 11:14:52 AEDT, 28 Nov 2025 00:14:52 UTC
~ 'https://api.stan.com.au/rec/v1/related?genres=Sport%2CFootball&maxRating=PG&source=5486795&started=true'
  status: ((200 OK)) headers: (Content-Type = application/json; charset=utf-8) (Vary = Accept-Encoding) (Cache-Control = max-age=44) (Date = Fri, 28 Nov 2025 00:19:08 GMT) (Connection = keep-alive) (Access-Control-Allow-Origin = *)   number of entries: 0
  total: 0
  vendor: 1
  model: related
  updated: 1764288892, 28 Nov 2025 11:14:52 AEDT, 28 Nov 2025 00:14:52 UTC
~ 'https://api.stan.com.au/rec/v1/related?genres=Sport%2CFootball&maxRating=PG&source=5486795&started=true'
  status: ((200 OK)) headers: (Content-Type = application/json; charset=utf-8) (Vary = Accept-Encoding) (Cache-Control = max-age=29) (Date = Fri, 28 Nov 2025 00:19:23 GMT) (Connection = keep-alive) (Access-Control-Allow-Origin = *)   number of entries: 0
  total: 0
  vendor: 1
  model: related
  updated: 1764288892, 28 Nov 2025 11:14:52 AEDT, 28 Nov 2025 00:14:52 UTC
~ 'https://api.stan.com.au/rec/v1/related?genres=Sport%2CFootball&maxRating=PG&source=5486795&started=true'
  status: ((200 OK)) headers: (Content-Type = application/json; charset=utf-8) (Vary = Accept-Encoding) (Cache-Control = max-age=14) (Date = Fri, 28 Nov 2025 00:19:38 GMT) (Connection = keep-alive) (Access-Control-Allow-Origin = *)   number of entries: 0
  total: 0
  vendor: 1
  model: related
  updated: 1764288892, 28 Nov 2025 11:14:52 AEDT, 28 Nov 2025 00:14:52 UTC
~ 'https://api.stan.com.au/rec/v1/related?genres=Sport%2CFootball&maxRating=PG&source=5486795&started=true'
  status: ((200 OK)) headers: (Content-Type = application/json; charset=utf-8) (Vary = Accept-Encoding) (Cache-Control = max-age=300) (Date = Fri, 28 Nov 2025 00:19:53 GMT) (Connection = keep-alive) (Access-Control-Allow-Origin = *) ~ '  body has changed'
  number of entries: 0
  total: 0
  vendor: 1
  model: related
  updated: 1764289193, 28 Nov 2025 11:19:53 AEDT, 28 Nov 2025 00:19:53 UTC
~ 'https://api.stan.com.au/rec/v1/related?genres=Sport%2CFootball&maxRating=PG&source=5486795&started=true'
  status: ((200 OK)) headers: (Content-Type = application/json; charset=utf-8) (Vary = Accept-Encoding) (Cache-Control = max-age=285) (Date = Fri, 28 Nov 2025 00:20:08 GMT) (Connection = keep-alive) (Access-Control-Allow-Origin = *)   number of entries: 0
  total: 0
  vendor: 1
  model: related
  updated: 1764289193, 28 Nov 2025 11:19:53 AEDT, 28 Nov 2025 00:19:53 UTC
~ 'https://api.stan.com.au/rec/v1/related?genres=Sport%2CFootball&maxRating=PG&source=5486795&started=true'
  status: ((200 OK)) headers: (Content-Type = application/json; charset=utf-8) (Vary = Accept-Encoding) (Cache-Control = max-age=270) (Date = Fri, 28 Nov 2025 00:20:23 GMT) (Connection = keep-alive) (Access-Control-Allow-Origin = *)   number of entries: 0
  total: 0
  vendor: 1
  model: related
  updated: 1764289193, 28 Nov 2025 11:19:53 AEDT, 28 Nov 2025 00:19:53 UTC
~ 'https://api.stan.com.au/rec/v1/related?genres=Sport%2CFootball&maxRating=PG&source=5486795&started=true'
  status: ((200 OK)) headers: (Content-Type = application/json; charset=utf-8) (Vary = Accept-Encoding) (Cache-Control = max-age=255) (Date = Fri, 28 Nov 2025 00:20:38 GMT) (Connection = keep-alive) (Access-Control-Allow-Origin = *)   number of entries: 0
  total: 0
  vendor: 1
  model: related
  updated: 1764289193, 28 Nov 2025 11:19:53 AEDT, 28 Nov 2025 00:19:53 UTC
~ 'https://api.stan.com.au/rec/v1/related?genres=Sport%2CFootball&maxRating=PG&source=5486795&started=true'
  status: ((200 OK)) headers: (Content-Type = application/json; charset=utf-8) (Vary = Accept-Encoding) (Cache-Control = max-age=240) (Date = Fri, 28 Nov 2025 00:20:53 GMT) (Connection = keep-alive) (Access-Control-Allow-Origin = *)   number of entries: 0
  total: 0
  vendor: 1
  model: related
  updated: 1764289193, 28 Nov 2025 11:19:53 AEDT, 28 Nov 2025 00:19:53 UTC
~ 'https://api.stan.com.au/rec/v1/related?genres=Sport%2CFootball&maxRating=PG&source=5486795&started=true'
  status: ((200 OK)) headers: (Content-Type = application/json; charset=utf-8) (Vary = Accept-Encoding) (Cache-Control = max-age=225) (Date = Fri, 28 Nov 2025 00:21:08 GMT) (Connection = keep-alive) (Access-Control-Allow-Origin = *)   number of entries: 0
  total: 0
  vendor: 1
  model: related
  updated: 1764289193, 28 Nov 2025 11:19:53 AEDT, 28 Nov 2025 00:19:53 UTC
~ 'https://api.stan.com.au/rec/v1/related?genres=Sport%2CFootball&maxRating=PG&source=5486795&started=true'
  status: ((200 OK)) headers: (Content-Type = application/json; charset=utf-8) (Vary = Accept-Encoding) (Cache-Control = max-age=210) (Date = Fri, 28 Nov 2025 00:21:23 GMT) (Connection = keep-alive) (Access-Control-Allow-Origin = *)   number of entries: 0
  total: 0
  vendor: 1
  model: related
  updated: 1764289193, 28 Nov 2025 11:19:53 AEDT, 28 Nov 2025 00:19:53 UTC
~ 'https://api.stan.com.au/rec/v1/related?genres=Sport%2CFootball&maxRating=PG&source=5486795&started=true'
  status: ((200 OK)) headers: (Content-Type = application/json; charset=utf-8) (Vary = Accept-Encoding) (Cache-Control = max-age=195) (Date = Fri, 28 Nov 2025 00:21:38 GMT) (Connection = keep-alive) (Access-Control-Allow-Origin = *)   number of entries: 0
  total: 0
  vendor: 1
  model: related
  updated: 1764289193, 28 Nov 2025 11:19:53 AEDT, 28 Nov 2025 00:19:53 UTC
~ 'https://api.stan.com.au/rec/v1/related?genres=Sport%2CFootball&maxRating=PG&source=5486795&started=true'
  status: ((200 OK)) headers: (Content-Type = application/json; charset=utf-8) (Vary = Accept-Encoding) (Cache-Control = max-age=180) (Date = Fri, 28 Nov 2025 00:21:53 GMT) (Connection = keep-alive) (Access-Control-Allow-Origin = *)   number of entries: 0
  total: 0
  vendor: 1
  model: related
  updated: 1764289193, 28 Nov 2025 11:19:53 AEDT, 28 Nov 2025 00:19:53 UTC
~ 'https://api.stan.com.au/rec/v1/related?genres=Sport%2CFootball&maxRating=PG&source=5486795&started=true'
  status: ((200 OK)) headers: (Content-Type = application/json; charset=utf-8) (Vary = Accept-Encoding) (Cache-Control = max-age=164) (Date = Fri, 28 Nov 2025 00:22:09 GMT) (Connection = keep-alive) (Access-Control-Allow-Origin = *)   number of entries: 0
  total: 0
  vendor: 1
  model: related
  updated: 1764289193, 28 Nov 2025 11:19:53 AEDT, 28 Nov 2025 00:19:53 UTC
~ 'https://api.stan.com.au/rec/v1/related?genres=Sport%2CFootball&maxRating=PG&source=5486795&started=true'
  status: ((200 OK)) headers: (Content-Type = application/json; charset=utf-8) (Vary = Accept-Encoding) (Cache-Control = max-age=149) (Date = Fri, 28 Nov 2025 00:22:24 GMT) (Connection = keep-alive) (Access-Control-Allow-Origin = *)   number of entries: 0
  total: 0
  vendor: 1
  model: related
  updated: 1764289193, 28 Nov 2025 11:19:53 AEDT, 28 Nov 2025 00:19:53 UTC
~ 'https://api.stan.com.au/rec/v1/related?genres=Sport%2CFootball&maxRating=PG&source=5486795&started=true'
  status: ((200 OK)) headers: (Content-Type = application/json; charset=utf-8) (Vary = Accept-Encoding) (Cache-Control = max-age=134) (Date = Fri, 28 Nov 2025 00:22:39 GMT) (Connection = keep-alive) (Access-Control-Allow-Origin = *)   number of entries: 0
  total: 0
  vendor: 1
  model: related
  updated: 1764289193, 28 Nov 2025 11:19:53 AEDT, 28 Nov 2025 00:19:53 UTC
~ 'https://api.stan.com.au/rec/v1/related?genres=Sport%2CFootball&maxRating=PG&source=5486795&started=true'
  status: ((200 OK)) headers: (Content-Type = application/json; charset=utf-8) (Vary = Accept-Encoding) (Cache-Control = max-age=119) (Date = Fri, 28 Nov 2025 00:22:54 GMT) (Connection = keep-alive) (Access-Control-Allow-Origin = *)   number of entries: 0
  total: 0
  vendor: 1
  model: related
  updated: 1764289193, 28 Nov 2025 11:19:53 AEDT, 28 Nov 2025 00:19:53 UTC
~ 'https://api.stan.com.au/rec/v1/related?genres=Sport%2CFootball&maxRating=PG&source=5486795&started=true'
  status: ((200 OK)) headers: (Content-Type = application/json; charset=utf-8) (Vary = Accept-Encoding) (Cache-Control = max-age=104) (Date = Fri, 28 Nov 2025 00:23:09 GMT) (Connection = keep-alive) (Access-Control-Allow-Origin = *)   number of entries: 0
  total: 0
  vendor: 1
  model: related
  updated: 1764289193, 28 Nov 2025 11:19:53 AEDT, 28 Nov 2025 00:19:53 UTC
~ 'https://api.stan.com.au/rec/v1/related?genres=Sport%2CFootball&maxRating=PG&source=5486795&started=true'
  status: ((200 OK)) headers: (Content-Type = application/json; charset=utf-8) (Vary = Accept-Encoding) (Cache-Control = max-age=89) (Date = Fri, 28 Nov 2025 00:23:24 GMT) (Connection = keep-alive) (Access-Control-Allow-Origin = *)   number of entries: 0
  total: 0
  vendor: 1
  model: related
  updated: 1764289193, 28 Nov 2025 11:19:53 AEDT, 28 Nov 2025 00:19:53 UTC
~ 'https://api.stan.com.au/rec/v1/related?genres=Sport%2CFootball&maxRating=PG&source=5486795&started=true'
  status: ((200 OK)) headers: (Content-Type = application/json; charset=utf-8) (Vary = Accept-Encoding) (Cache-Control = max-age=74) (Date = Fri, 28 Nov 2025 00:23:39 GMT) (Connection = keep-alive) (Access-Control-Allow-Origin = *)   number of entries: 0
  total: 0
  vendor: 1
  model: related
  updated: 1764289193, 28 Nov 2025 11:19:53 AEDT, 28 Nov 2025 00:19:53 UTC
~ 'https://api.stan.com.au/rec/v1/related?genres=Sport%2CFootball&maxRating=PG&source=5486795&started=true'
  status: ((200 OK)) headers: (Content-Type = application/json; charset=utf-8) (Vary = Accept-Encoding) (Cache-Control = max-age=59) (Date = Fri, 28 Nov 2025 00:23:54 GMT) (Connection = keep-alive) (Access-Control-Allow-Origin = *)   number of entries: 0
  total: 0
  vendor: 1
  model: related
  updated: 1764289193, 28 Nov 2025 11:19:53 AEDT, 28 Nov 2025 00:19:53 UTC
~ 'https://api.stan.com.au/rec/v1/related?genres=Sport%2CFootball&maxRating=PG&source=5486795&started=true'
  status: ((200 OK)) headers: (Content-Type = application/json; charset=utf-8) (Vary = Accept-Encoding) (Cache-Control = max-age=44) (Date = Fri, 28 Nov 2025 00:24:09 GMT) (Connection = keep-alive) (Access-Control-Allow-Origin = *)   number of entries: 0
  total: 0
  vendor: 1
  model: related
  updated: 1764289193, 28 Nov 2025 11:19:53 AEDT, 28 Nov 2025 00:19:53 UTC
~ 'https://api.stan.com.au/rec/v1/related?genres=Sport%2CFootball&maxRating=PG&source=5486795&started=true'
  status: ((200 OK)) headers: (Content-Type = application/json; charset=utf-8) (Vary = Accept-Encoding) (Cache-Control = max-age=29) (Date = Fri, 28 Nov 2025 00:24:24 GMT) (Connection = keep-alive) (Access-Control-Allow-Origin = *)   number of entries: 0
  total: 0
  vendor: 1
  model: related
  updated: 1764289193, 28 Nov 2025 11:19:53 AEDT, 28 Nov 2025 00:19:53 UTC
~ 'https://api.stan.com.au/rec/v1/related?genres=Sport%2CFootball&maxRating=PG&source=5486795&started=true'
  status: ((200 OK)) headers: (Content-Type = application/json; charset=utf-8) (Vary = Accept-Encoding) (Cache-Control = max-age=14) (Date = Fri, 28 Nov 2025 00:24:39 GMT) (Connection = keep-alive) (Access-Control-Allow-Origin = *)   number of entries: 0
  total: 0
  vendor: 1
  model: related
  updated: 1764289193, 28 Nov 2025 11:19:53 AEDT, 28 Nov 2025 00:19:53 UTC
~ 'https://api.stan.com.au/rec/v1/related?genres=Sport%2CFootball&maxRating=PG&source=5486795&started=true'
  status: ((200 OK)) headers: (Content-Type = application/json; charset=utf-8) (Vary = Accept-Encoding) (Cache-Control = max-age=300) (Date = Fri, 28 Nov 2025 00:24:54 GMT) (Connection = keep-alive) (Access-Control-Allow-Origin = *) ~ '  body has changed'
  number of entries: 0
  total: 0
  vendor: 1
  model: related
  updated: 1764289494, 28 Nov 2025 11:24:54 AEDT, 28 Nov 2025 00:24:54 UTC
~ 'https://api.stan.com.au/rec/v1/related?genres=Sport%2CFootball&maxRating=PG&source=5486795&started=true'
  status: ((200 OK)) headers: (Content-Type = application/json; charset=utf-8) (Vary = Accept-Encoding) (Cache-Control = max-age=285) (Date = Fri, 28 Nov 2025 00:25:09 GMT) (Connection = keep-alive) (Access-Control-Allow-Origin = *)   number of entries: 0
  total: 0
  vendor: 1
  model: related
  updated: 1764289494, 28 Nov 2025 11:24:54 AEDT, 28 Nov 2025 00:24:54 UTC
~ 'https://api.stan.com.au/rec/v1/related?genres=Sport%2CFootball&maxRating=PG&source=5486795&started=true'
  status: ((200 OK)) headers: (Content-Type = application/json; charset=utf-8) (Vary = Accept-Encoding) (Cache-Control = max-age=270) (Date = Fri, 28 Nov 2025 00:25:24 GMT) (Connection = keep-alive) (Access-Control-Allow-Origin = *)   number of entries: 0
  total: 0
  vendor: 1
  model: related
  updated: 1764289494, 28 Nov 2025 11:24:54 AEDT, 28 Nov 2025 00:24:54 UTC
~ 'https://api.stan.com.au/rec/v1/related?genres=Sport%2CFootball&maxRating=PG&source=5486795&started=true'
  status: ((200 OK)) headers: (Content-Type = application/json; charset=utf-8) (Vary = Accept-Encoding) (Cache-Control = max-age=255) (Date = Fri, 28 Nov 2025 00:25:39 GMT) (Connection = keep-alive) (Access-Control-Allow-Origin = *)   number of entries: 0
  total: 0
  vendor: 1
  model: related
  updated: 1764289494, 28 Nov 2025 11:24:54 AEDT, 28 Nov 2025 00:24:54 UTC
~ 'https://api.stan.com.au/rec/v1/related?genres=Sport%2CFootball&maxRating=PG&source=5486795&started=true'
  status: ((200 OK)) headers: (Content-Type = application/json; charset=utf-8) (Vary = Accept-Encoding) (Cache-Control = max-age=239) (Date = Fri, 28 Nov 2025 00:25:55 GMT) (Connection = keep-alive) (Access-Control-Allow-Origin = *)   number of entries: 0
  total: 0
  vendor: 1
  model: related
  updated: 1764289494, 28 Nov 2025 11:24:54 AEDT, 28 Nov 2025 00:24:54 UTC
~ 'https://api.stan.com.au/rec/v1/related?genres=Sport%2CFootball&maxRating=PG&source=5486795&started=true'
  status: ((200 OK)) headers: (Content-Type = application/json; charset=utf-8) (Vary = Accept-Encoding) (Cache-Control = max-age=224) (Date = Fri, 28 Nov 2025 00:26:10 GMT) (Connection = keep-alive) (Access-Control-Allow-Origin = *)   number of entries: 0
  total: 0
  vendor: 1
  model: related
  updated: 1764289494, 28 Nov 2025 11:24:54 AEDT, 28 Nov 2025 00:24:54 UTC
~ 'https://api.stan.com.au/rec/v1/related?genres=Sport%2CFootball&maxRating=PG&source=5486795&started=true'
  status: ((200 OK)) headers: (Content-Type = application/json; charset=utf-8) (Vary = Accept-Encoding) (Cache-Control = max-age=209) (Date = Fri, 28 Nov 2025 00:26:25 GMT) (Connection = keep-alive) (Access-Control-Allow-Origin = *)   number of entries: 0
  total: 0
  vendor: 1
  model: related
  updated: 1764289494, 28 Nov 2025 11:24:54 AEDT, 28 Nov 2025 00:24:54 UTC
~ 'https://api.stan.com.au/rec/v1/related?genres=Sport%2CFootball&maxRating=PG&source=5486795&started=true'
  status: ((200 OK)) headers: (Content-Type = application/json; charset=utf-8) (Vary = Accept-Encoding) (Cache-Control = max-age=194) (Date = Fri, 28 Nov 2025 00:26:40 GMT) (Connection = keep-alive) (Access-Control-Allow-Origin = *)   number of entries: 0
  total: 0
  vendor: 1
  model: related
  updated: 1764289494, 28 Nov 2025 11:24:54 AEDT, 28 Nov 2025 00:24:54 UTC
~ 'https://api.stan.com.au/rec/v1/related?genres=Sport%2CFootball&maxRating=PG&source=5486795&started=true'
  status: ((200 OK)) headers: (Content-Type = application/json; charset=utf-8) (Vary = Accept-Encoding) (Cache-Control = max-age=179) (Date = Fri, 28 Nov 2025 00:26:55 GMT) (Connection = keep-alive) (Access-Control-Allow-Origin = *)   number of entries: 0
  total: 0
  vendor: 1
  model: related
  updated: 1764289494, 28 Nov 2025 11:24:54 AEDT, 28 Nov 2025 00:24:54 UTC
~ 'https://api.stan.com.au/rec/v1/related?genres=Sport%2CFootball&maxRating=PG&source=5486795&started=true'
  status: ((200 OK)) headers: (Content-Type = application/json; charset=utf-8) (Vary = Accept-Encoding) (Cache-Control = max-age=164) (Date = Fri, 28 Nov 2025 00:27:10 GMT) (Connection = keep-alive) (Access-Control-Allow-Origin = *)   number of entries: 0
  total: 0
  vendor: 1
  model: related
  updated: 1764289494, 28 Nov 2025 11:24:54 AEDT, 28 Nov 2025 00:24:54 UTC
~ 'https://api.stan.com.au/rec/v1/related?genres=Sport%2CFootball&maxRating=PG&source=5486795&started=true'
  status: ((200 OK)) headers: (Content-Type = application/json; charset=utf-8) (Vary = Accept-Encoding) (Cache-Control = max-age=149) (Date = Fri, 28 Nov 2025 00:27:25 GMT) (Connection = keep-alive) (Access-Control-Allow-Origin = *)   number of entries: 0
  total: 0
  vendor: 1
  model: related
  updated: 1764289494, 28 Nov 2025 11:24:54 AEDT, 28 Nov 2025 00:24:54 UTC
~ 'https://api.stan.com.au/rec/v1/related?genres=Sport%2CFootball&maxRating=PG&source=5486795&started=true'
  status: ((200 OK)) headers: (Content-Type = application/json; charset=utf-8) (Vary = Accept-Encoding) (Cache-Control = max-age=134) (Date = Fri, 28 Nov 2025 00:27:40 GMT) (Connection = keep-alive) (Access-Control-Allow-Origin = *)   number of entries: 0
  total: 0
  vendor: 1
  model: related
  updated: 1764289494, 28 Nov 2025 11:24:54 AEDT, 28 Nov 2025 00:24:54 UTC
~ 'https://api.stan.com.au/rec/v1/related?genres=Sport%2CFootball&maxRating=PG&source=5486795&started=true'
  status: ((200 OK)) headers: (Content-Type = application/json; charset=utf-8) (Vary = Accept-Encoding) (Cache-Control = max-age=119) (Date = Fri, 28 Nov 2025 00:27:55 GMT) (Connection = keep-alive) (Access-Control-Allow-Origin = *)   number of entries: 0
  total: 0
  vendor: 1
  model: related
  updated: 1764289494, 28 Nov 2025 11:24:54 AEDT, 28 Nov 2025 00:24:54 UTC
~ 'https://api.stan.com.au/rec/v1/related?genres=Sport%2CFootball&maxRating=PG&source=5486795&started=true'
  status: ((200 OK)) headers: (Content-Type = application/json; charset=utf-8) (Vary = Accept-Encoding) (Cache-Control = max-age=104) (Date = Fri, 28 Nov 2025 00:28:10 GMT) (Connection = keep-alive) (Access-Control-Allow-Origin = *)   number of entries: 0
  total: 0
  vendor: 1
  model: related
  updated: 1764289494, 28 Nov 2025 11:24:54 AEDT, 28 Nov 2025 00:24:54 UTC
~ 'https://api.stan.com.au/rec/v1/related?genres=Sport%2CFootball&maxRating=PG&source=5486795&started=true'
  status: ((200 OK)) headers: (Content-Type = application/json; charset=utf-8) (Vary = Accept-Encoding) (Cache-Control = max-age=89) (Date = Fri, 28 Nov 2025 00:28:25 GMT) (Connection = keep-alive) (Access-Control-Allow-Origin = *)   number of entries: 0
  total: 0
  vendor: 1
  model: related
  updated: 1764289494, 28 Nov 2025 11:24:54 AEDT, 28 Nov 2025 00:24:54 UTC
~ 'https://api.stan.com.au/rec/v1/related?genres=Sport%2CFootball&maxRating=PG&source=5486795&started=true'
  status: ((200 OK)) headers: (Content-Type = application/json; charset=utf-8) (Vary = Accept-Encoding) (Cache-Control = max-age=74) (Date = Fri, 28 Nov 2025 00:28:40 GMT) (Connection = keep-alive) (Access-Control-Allow-Origin = *)   number of entries: 0
  total: 0
  vendor: 1
  model: related
  updated: 1764289494, 28 Nov 2025 11:24:54 AEDT, 28 Nov 2025 00:24:54 UTC
~ 'https://api.stan.com.au/rec/v1/related?genres=Sport%2CFootball&maxRating=PG&source=5486795&started=true'
  status: ((200 OK)) headers: (Content-Type = application/json; charset=utf-8) (Vary = Accept-Encoding) (Cache-Control = max-age=59) (Date = Fri, 28 Nov 2025 00:28:55 GMT) (Connection = keep-alive) (Access-Control-Allow-Origin = *)   number of entries: 0
  total: 0
  vendor: 1
  model: related
  updated: 1764289494, 28 Nov 2025 11:24:54 AEDT, 28 Nov 2025 00:24:54 UTC
~ 'https://api.stan.com.au/rec/v1/related?genres=Sport%2CFootball&maxRating=PG&source=5486795&started=true'
  status: ((200 OK)) headers: (Content-Type = application/json; charset=utf-8) (Vary = Accept-Encoding) (Cache-Control = max-age=44) (Date = Fri, 28 Nov 2025 00:29:10 GMT) (Connection = keep-alive) (Access-Control-Allow-Origin = *)   number of entries: 0
  total: 0
  vendor: 1
  model: related
  updated: 1764289494, 28 Nov 2025 11:24:54 AEDT, 28 Nov 2025 00:24:54 UTC
~ 'https://api.stan.com.au/rec/v1/related?genres=Sport%2CFootball&maxRating=PG&source=5486795&started=true'
  status: ((200 OK)) headers: (Content-Type = application/json; charset=utf-8) (Vary = Accept-Encoding) (Cache-Control = max-age=29) (Date = Fri, 28 Nov 2025 00:29:25 GMT) (Connection = keep-alive) (Access-Control-Allow-Origin = *)   number of entries: 0
  total: 0
  vendor: 1
  model: related
  updated: 1764289494, 28 Nov 2025 11:24:54 AEDT, 28 Nov 2025 00:24:54 UTC
~ 'https://api.stan.com.au/rec/v1/related?genres=Sport%2CFootball&maxRating=PG&source=5486795&started=true'
  status: ((200 OK)) headers: (Content-Type = application/json; charset=utf-8) (Vary = Accept-Encoding) (Cache-Control = max-age=14) (Date = Fri, 28 Nov 2025 00:29:40 GMT) (Connection = keep-alive) (Access-Control-Allow-Origin = *)   number of entries: 0
  total: 0
  vendor: 1
  model: related
  updated: 1764289494, 28 Nov 2025 11:24:54 AEDT, 28 Nov 2025 00:24:54 UTC
~ 'https://api.stan.com.au/rec/v1/related?genres=Sport%2CFootball&maxRating=PG&source=5486795&started=true'
  status: ((200 OK)) headers: (Content-Type = application/json; charset=utf-8) (Vary = Accept-Encoding) (Cache-Control = max-age=300) (Date = Fri, 28 Nov 2025 00:29:56 GMT) (Connection = keep-alive) (Access-Control-Allow-Origin = *) ~ '  body has changed'
  number of entries: 0
  total: 0
  vendor: 1
  model: related
  updated: 1764289796, 28 Nov 2025 11:29:56 AEDT, 28 Nov 2025 00:29:56 UTC
~ 'https://api.stan.com.au/rec/v1/related?genres=Sport%2CFootball&maxRating=PG&source=5486795&started=true'
  status: ((200 OK)) headers: (Content-Type = application/json; charset=utf-8) (Vary = Accept-Encoding) (Cache-Control = max-age=285) (Date = Fri, 28 Nov 2025 00:30:11 GMT) (Connection = keep-alive) (Access-Control-Allow-Origin = *)   number of entries: 0
  total: 0
  vendor: 1
  model: related
  updated: 1764289796, 28 Nov 2025 11:29:56 AEDT, 28 Nov 2025 00:29:56 UTC
~ 'https://api.stan.com.au/rec/v1/related?genres=Sport%2CFootball&maxRating=PG&source=5486795&started=true'
  status: ((200 OK)) headers: (Content-Type = application/json; charset=utf-8) (Vary = Accept-Encoding) (Cache-Control = max-age=270) (Date = Fri, 28 Nov 2025 00:30:26 GMT) (Connection = keep-alive) (Access-Control-Allow-Origin = *)   number of entries: 0
  total: 0
  vendor: 1
  model: related
  updated: 1764289796, 28 Nov 2025 11:29:56 AEDT, 28 Nov 2025 00:29:56 UTC
~ 'https://api.stan.com.au/rec/v1/related?genres=Sport%2CFootball&maxRating=PG&source=5486795&started=true'
  status: ((200 OK)) headers: (Content-Type = application/json; charset=utf-8) (Vary = Accept-Encoding) (Cache-Control = max-age=255) (Date = Fri, 28 Nov 2025 00:30:41 GMT) (Connection = keep-alive) (Access-Control-Allow-Origin = *)   number of entries: 0
  total: 0
  vendor: 1
  model: related
  updated: 1764289796, 28 Nov 2025 11:29:56 AEDT, 28 Nov 2025 00:29:56 UTC
~ 'https://api.stan.com.au/rec/v1/related?genres=Sport%2CFootball&maxRating=PG&source=5486795&started=true'
  status: ((200 OK)) headers: (Content-Type = application/json; charset=utf-8) (Vary = Accept-Encoding) (Cache-Control = max-age=240) (Date = Fri, 28 Nov 2025 00:30:56 GMT) (Connection = keep-alive) (Access-Control-Allow-Origin = *)   number of entries: 0
  total: 0
  vendor: 1
  model: related
  updated: 1764289796, 28 Nov 2025 11:29:56 AEDT, 28 Nov 2025 00:29:56 UTC
~ 'https://api.stan.com.au/rec/v1/related?genres=Sport%2CFootball&maxRating=PG&source=5486795&started=true'
  status: ((200 OK)) headers: (Content-Type = application/json; charset=utf-8) (Vary = Accept-Encoding) (Cache-Control = max-age=225) (Date = Fri, 28 Nov 2025 00:31:11 GMT) (Connection = keep-alive) (Access-Control-Allow-Origin = *)   number of entries: 0
  total: 0
  vendor: 1
  model: related
  updated: 1764289796, 28 Nov 2025 11:29:56 AEDT, 28 Nov 2025 00:29:56 UTC
~ 'https://api.stan.com.au/rec/v1/related?genres=Sport%2CFootball&maxRating=PG&source=5486795&started=true'
  status: ((200 OK)) headers: (Content-Type = application/json; charset=utf-8) (Vary = Accept-Encoding) (Cache-Control = max-age=210) (Date = Fri, 28 Nov 2025 00:31:26 GMT) (Connection = keep-alive) (Access-Control-Allow-Origin = *)   number of entries: 0
  total: 0
  vendor: 1
  model: related
  updated: 1764289796, 28 Nov 2025 11:29:56 AEDT, 28 Nov 2025 00:29:56 UTC
~ 'https://api.stan.com.au/rec/v1/related?genres=Sport%2CFootball&maxRating=PG&source=5486795&started=true'
  status: ((200 OK)) headers: (Content-Type = application/json; charset=utf-8) (Vary = Accept-Encoding) (Cache-Control = max-age=195) (Date = Fri, 28 Nov 2025 00:31:41 GMT) (Connection = keep-alive) (Access-Control-Allow-Origin = *)   number of entries: 0
  total: 0
  vendor: 1
  model: related
  updated: 1764289796, 28 Nov 2025 11:29:56 AEDT, 28 Nov 2025 00:29:56 UTC
~ 'https://api.stan.com.au/rec/v1/related?genres=Sport%2CFootball&maxRating=PG&source=5486795&started=true'
  status: ((200 OK)) headers: (Content-Type = application/json; charset=utf-8) (Vary = Accept-Encoding) (Cache-Control = max-age=180) (Date = Fri, 28 Nov 2025 00:31:56 GMT) (Connection = keep-alive) (Access-Control-Allow-Origin = *)   number of entries: 0
  total: 0
  vendor: 1
  model: related
  updated: 1764289796, 28 Nov 2025 11:29:56 AEDT, 28 Nov 2025 00:29:56 UTC
~ 'https://api.stan.com.au/rec/v1/related?genres=Sport%2CFootball&maxRating=PG&source=5486795&started=true'
  status: ((200 OK)) headers: (Content-Type = application/json; charset=utf-8) (Vary = Accept-Encoding) (Cache-Control = max-age=165) (Date = Fri, 28 Nov 2025 00:32:11 GMT) (Connection = keep-alive) (Access-Control-Allow-Origin = *)   number of entries: 0
  total: 0
  vendor: 1
  model: related
  updated: 1764289796, 28 Nov 2025 11:29:56 AEDT, 28 Nov 2025 00:29:56 UTC
~ 'https://api.stan.com.au/rec/v1/related?genres=Sport%2CFootball&maxRating=PG&source=5486795&started=true'
  status: ((200 OK)) headers: (Content-Type = application/json; charset=utf-8) (Vary = Accept-Encoding) (Cache-Control = max-age=150) (Date = Fri, 28 Nov 2025 00:32:26 GMT) (Connection = keep-alive) (Access-Control-Allow-Origin = *)   number of entries: 0
  total: 0
  vendor: 1
  model: related
  updated: 1764289796, 28 Nov 2025 11:29:56 AEDT, 28 Nov 2025 00:29:56 UTC
~ 'https://api.stan.com.au/rec/v1/related?genres=Sport%2CFootball&maxRating=PG&source=5486795&started=true'
  status: ((200 OK)) headers: (Content-Type = application/json; charset=utf-8) (Vary = Accept-Encoding) (Cache-Control = max-age=135) (Date = Fri, 28 Nov 2025 00:32:41 GMT) (Connection = keep-alive) (Access-Control-Allow-Origin = *)   number of entries: 0
  total: 0
  vendor: 1
  model: related
  updated: 1764289796, 28 Nov 2025 11:29:56 AEDT, 28 Nov 2025 00:29:56 UTC
~ 'https://api.stan.com.au/rec/v1/related?genres=Sport%2CFootball&maxRating=PG&source=5486795&started=true'
  status: ((200 OK)) headers: (Content-Type = application/json; charset=utf-8) (Vary = Accept-Encoding) (Cache-Control = max-age=120) (Date = Fri, 28 Nov 2025 00:32:56 GMT) (Connection = keep-alive) (Access-Control-Allow-Origin = *)   number of entries: 0
  total: 0
  vendor: 1
  model: related
  updated: 1764289796, 28 Nov 2025 11:29:56 AEDT, 28 Nov 2025 00:29:56 UTC
~ 'https://api.stan.com.au/rec/v1/related?genres=Sport%2CFootball&maxRating=PG&source=5486795&started=true'
  status: ((200 OK)) headers: (Content-Type = application/json; charset=utf-8) (Vary = Accept-Encoding) (Cache-Control = max-age=105) (Date = Fri, 28 Nov 2025 00:33:11 GMT) (Connection = keep-alive) (Access-Control-Allow-Origin = *)   number of entries: 0
  total: 0
  vendor: 1
  model: related
  updated: 1764289796, 28 Nov 2025 11:29:56 AEDT, 28 Nov 2025 00:29:56 UTC
~ 'https://api.stan.com.au/rec/v1/related?genres=Sport%2CFootball&maxRating=PG&source=5486795&started=true'
  status: ((200 OK)) headers: (Content-Type = application/json; charset=utf-8) (Vary = Accept-Encoding) (Cache-Control = max-age=90) (Date = Fri, 28 Nov 2025 00:33:26 GMT) (Connection = keep-alive) (Access-Control-Allow-Origin = *)   number of entries: 0
  total: 0
  vendor: 1
  model: related
  updated: 1764289796, 28 Nov 2025 11:29:56 AEDT, 28 Nov 2025 00:29:56 UTC
~ 'https://api.stan.com.au/rec/v1/related?genres=Sport%2CFootball&maxRating=PG&source=5486795&started=true'
  status: ((200 OK)) headers: (Content-Type = application/json; charset=utf-8) (Vary = Accept-Encoding) (Cache-Control = max-age=75) (Date = Fri, 28 Nov 2025 00:33:41 GMT) (Connection = keep-alive) (Access-Control-Allow-Origin = *)   number of entries: 0
  total: 0
  vendor: 1
  model: related
  updated: 1764289796, 28 Nov 2025 11:29:56 AEDT, 28 Nov 2025 00:29:56 UTC
~ 'https://api.stan.com.au/rec/v1/related?genres=Sport%2CFootball&maxRating=PG&source=5486795&started=true'
  status: ((200 OK)) headers: (Content-Type = application/json; charset=utf-8) (Vary = Accept-Encoding) (Cache-Control = max-age=59) (Date = Fri, 28 Nov 2025 00:33:57 GMT) (Connection = keep-alive) (Access-Control-Allow-Origin = *)   number of entries: 0
  total: 0
  vendor: 1
  model: related
  updated: 1764289796, 28 Nov 2025 11:29:56 AEDT, 28 Nov 2025 00:29:56 UTC
~ 'https://api.stan.com.au/rec/v1/related?genres=Sport%2CFootball&maxRating=PG&source=5486795&started=true'
  status: ((200 OK)) headers: (Content-Type = application/json; charset=utf-8) (Vary = Accept-Encoding) (Cache-Control = max-age=44) (Date = Fri, 28 Nov 2025 00:34:12 GMT) (Connection = keep-alive) (Access-Control-Allow-Origin = *)   number of entries: 0
  total: 0
  vendor: 1
  model: related
  updated: 1764289796, 28 Nov 2025 11:29:56 AEDT, 28 Nov 2025 00:29:56 UTC
~ 'https://api.stan.com.au/rec/v1/related?genres=Sport%2CFootball&maxRating=PG&source=5486795&started=true'
  status: ((200 OK)) headers: (Content-Type = application/json; charset=utf-8) (Vary = Accept-Encoding) (Cache-Control = max-age=29) (Date = Fri, 28 Nov 2025 00:34:27 GMT) (Connection = keep-alive) (Access-Control-Allow-Origin = *)   number of entries: 0
  total: 0
  vendor: 1
  model: related
  updated: 1764289796, 28 Nov 2025 11:29:56 AEDT, 28 Nov 2025 00:29:56 UTC
~ 'https://api.stan.com.au/rec/v1/related?genres=Sport%2CFootball&maxRating=PG&source=5486795&started=true'
  status: ((200 OK)) headers: (Content-Type = application/json; charset=utf-8) (Vary = Accept-Encoding) (Cache-Control = max-age=14) (Date = Fri, 28 Nov 2025 00:34:42 GMT) (Connection = keep-alive) (Access-Control-Allow-Origin = *)   number of entries: 0
  total: 0
  vendor: 1
  model: related
  updated: 1764289796, 28 Nov 2025 11:29:56 AEDT, 28 Nov 2025 00:29:56 UTC
~ 'https://api.stan.com.au/rec/v1/related?genres=Sport%2CFootball&maxRating=PG&source=5486795&started=true'
  status: ((200 OK)) headers: (Content-Type = application/json; charset=utf-8) (Vary = Accept-Encoding) (Cache-Control = max-age=300) (Date = Fri, 28 Nov 2025 00:34:57 GMT) (Connection = keep-alive) (Access-Control-Allow-Origin = *) ~ '  body has changed'
  number of entries: 0
  total: 0
  vendor: 1
  model: related
  updated: 1764290097, 28 Nov 2025 11:34:57 AEDT, 28 Nov 2025 00:34:57 UTC
~ 'https://api.stan.com.au/rec/v1/related?genres=Sport%2CFootball&maxRating=PG&source=5486795&started=true'
  status: ((200 OK)) headers: (Content-Type = application/json; charset=utf-8) (Vary = Accept-Encoding) (Cache-Control = max-age=285) (Date = Fri, 28 Nov 2025 00:35:12 GMT) (Connection = keep-alive) (Access-Control-Allow-Origin = *)   number of entries: 0
  total: 0
  vendor: 1
  model: related
  updated: 1764290097, 28 Nov 2025 11:34:57 AEDT, 28 Nov 2025 00:34:57 UTC
~ 'https://api.stan.com.au/rec/v1/related?genres=Sport%2CFootball&maxRating=PG&source=5486795&started=true'
  status: ((200 OK)) headers: (Content-Type = application/json; charset=utf-8) (Vary = Accept-Encoding) (Cache-Control = max-age=270) (Date = Fri, 28 Nov 2025 00:35:27 GMT) (Connection = keep-alive) (Access-Control-Allow-Origin = *)   number of entries: 0
  total: 0
  vendor: 1
  model: related
  updated: 1764290097, 28 Nov 2025 11:34:57 AEDT, 28 Nov 2025 00:34:57 UTC
~ 'https://api.stan.com.au/rec/v1/related?genres=Sport%2CFootball&maxRating=PG&source=5486795&started=true'
  status: ((200 OK)) headers: (Content-Type = application/json; charset=utf-8) (Vary = Accept-Encoding) (Cache-Control = max-age=255) (Date = Fri, 28 Nov 2025 00:35:42 GMT) (Connection = keep-alive) (Access-Control-Allow-Origin = *)   number of entries: 0
  total: 0
  vendor: 1
  model: related
  updated: 1764290097, 28 Nov 2025 11:34:57 AEDT, 28 Nov 2025 00:34:57 UTC
~ 'https://api.stan.com.au/rec/v1/related?genres=Sport%2CFootball&maxRating=PG&source=5486795&started=true'
  status: ((200 OK)) headers: (Content-Type = application/json; charset=utf-8) (Vary = Accept-Encoding) (Cache-Control = max-age=240) (Date = Fri, 28 Nov 2025 00:35:57 GMT) (Connection = keep-alive) (Access-Control-Allow-Origin = *)   number of entries: 0
  total: 0
  vendor: 1
  model: related
  updated: 1764290097, 28 Nov 2025 11:34:57 AEDT, 28 Nov 2025 00:34:57 UTC
~ 'https://api.stan.com.au/rec/v1/related?genres=Sport%2CFootball&maxRating=PG&source=5486795&started=true'
  status: ((200 OK)) headers: (Content-Type = application/json; charset=utf-8) (Vary = Accept-Encoding) (Cache-Control = max-age=225) (Date = Fri, 28 Nov 2025 00:36:12 GMT) (Connection = keep-alive) (Access-Control-Allow-Origin = *)   number of entries: 0
  total: 0
  vendor: 1
  model: related
  updated: 1764290097, 28 Nov 2025 11:34:57 AEDT, 28 Nov 2025 00:34:57 UTC
~ 'https://api.stan.com.au/rec/v1/related?genres=Sport%2CFootball&maxRating=PG&source=5486795&started=true'
  status: ((200 OK)) headers: (Content-Type = application/json; charset=utf-8) (Vary = Accept-Encoding) (Cache-Control = max-age=210) (Date = Fri, 28 Nov 2025 00:36:27 GMT) (Connection = keep-alive) (Access-Control-Allow-Origin = *)   number of entries: 0
  total: 0
  vendor: 1
  model: related
  updated: 1764290097, 28 Nov 2025 11:34:57 AEDT, 28 Nov 2025 00:34:57 UTC
~ 'https://api.stan.com.au/rec/v1/related?genres=Sport%2CFootball&maxRating=PG&source=5486795&started=true'
  status: ((200 OK)) headers: (Content-Type = application/json; charset=utf-8) (Vary = Accept-Encoding) (Cache-Control = max-age=195) (Date = Fri, 28 Nov 2025 00:36:42 GMT) (Connection = keep-alive) (Access-Control-Allow-Origin = *)   number of entries: 0
  total: 0
  vendor: 1
  model: related
  updated: 1764290097, 28 Nov 2025 11:34:57 AEDT, 28 Nov 2025 00:34:57 UTC
~ 'https://api.stan.com.au/rec/v1/related?genres=Sport%2CFootball&maxRating=PG&source=5486795&started=true'
  status: ((200 OK)) headers: (Content-Type = application/json; charset=utf-8) (Vary = Accept-Encoding) (Cache-Control = max-age=180) (Date = Fri, 28 Nov 2025 00:36:57 GMT) (Connection = keep-alive) (Access-Control-Allow-Origin = *)   number of entries: 0
  total: 0
  vendor: 1
  model: related
  updated: 1764290097, 28 Nov 2025 11:34:57 AEDT, 28 Nov 2025 00:34:57 UTC
~ 'https://api.stan.com.au/rec/v1/related?genres=Sport%2CFootball&maxRating=PG&source=5486795&started=true'
  status: ((200 OK)) headers: (Content-Type = application/json; charset=utf-8) (Vary = Accept-Encoding) (Cache-Control = max-age=165) (Date = Fri, 28 Nov 2025 00:37:12 GMT) (Connection = keep-alive) (Access-Control-Allow-Origin = *)   number of entries: 0
  total: 0
  vendor: 1
  model: related
  updated: 1764290097, 28 Nov 2025 11:34:57 AEDT, 28 Nov 2025 00:34:57 UTC
~ 'https://api.stan.com.au/rec/v1/related?genres=Sport%2CFootball&maxRating=PG&source=5486795&started=true'
  status: ((200 OK)) headers: (Content-Type = application/json; charset=utf-8) (Vary = Accept-Encoding) (Cache-Control = max-age=149) (Date = Fri, 28 Nov 2025 00:37:28 GMT) (Connection = keep-alive) (Access-Control-Allow-Origin = *)   number of entries: 0
  total: 0
  vendor: 1
  model: related
  updated: 1764290097, 28 Nov 2025 11:34:57 AEDT, 28 Nov 2025 00:34:57 UTC
~ 'https://api.stan.com.au/rec/v1/related?genres=Sport%2CFootball&maxRating=PG&source=5486795&started=true'
  status: ((200 OK)) headers: (Content-Type = application/json; charset=utf-8) (Vary = Accept-Encoding) (Cache-Control = max-age=134) (Date = Fri, 28 Nov 2025 00:37:43 GMT) (Connection = keep-alive) (Access-Control-Allow-Origin = *)   number of entries: 0
  total: 0
  vendor: 1
  model: related
  updated: 1764290097, 28 Nov 2025 11:34:57 AEDT, 28 Nov 2025 00:34:57 UTC
~ 'https://api.stan.com.au/rec/v1/related?genres=Sport%2CFootball&maxRating=PG&source=5486795&started=true'
  status: ((200 OK)) headers: (Content-Type = application/json; charset=utf-8) (Vary = Accept-Encoding) (Cache-Control = max-age=119) (Date = Fri, 28 Nov 2025 00:37:58 GMT) (Connection = keep-alive) (Access-Control-Allow-Origin = *)   number of entries: 0
  total: 0
  vendor: 1
  model: related
  updated: 1764290097, 28 Nov 2025 11:34:57 AEDT, 28 Nov 2025 00:34:57 UTC
~ 'https://api.stan.com.au/rec/v1/related?genres=Sport%2CFootball&maxRating=PG&source=5486795&started=true'
  status: ((200 OK)) headers: (Content-Type = application/json; charset=utf-8) (Vary = Accept-Encoding) (Cache-Control = max-age=104) (Date = Fri, 28 Nov 2025 00:38:13 GMT) (Connection = keep-alive) (Access-Control-Allow-Origin = *)   number of entries: 0
  total: 0
  vendor: 1
  model: related
  updated: 1764290097, 28 Nov 2025 11:34:57 AEDT, 28 Nov 2025 00:34:57 UTC
~ 'https://api.stan.com.au/rec/v1/related?genres=Sport%2CFootball&maxRating=PG&source=5486795&started=true'
  status: ((200 OK)) headers: (Content-Type = application/json; charset=utf-8) (Vary = Accept-Encoding) (Cache-Control = max-age=89) (Date = Fri, 28 Nov 2025 00:38:28 GMT) (Connection = keep-alive) (Access-Control-Allow-Origin = *)   number of entries: 0
  total: 0
  vendor: 1
  model: related
  updated: 1764290097, 28 Nov 2025 11:34:57 AEDT, 28 Nov 2025 00:34:57 UTC
~ 'https://api.stan.com.au/rec/v1/related?genres=Sport%2CFootball&maxRating=PG&source=5486795&started=true'
  status: ((200 OK)) headers: (Content-Type = application/json; charset=utf-8) (Vary = Accept-Encoding) (Cache-Control = max-age=74) (Date = Fri, 28 Nov 2025 00:38:43 GMT) (Connection = keep-alive) (Access-Control-Allow-Origin = *)   number of entries: 0
  total: 0
  vendor: 1
  model: related
  updated: 1764290097, 28 Nov 2025 11:34:57 AEDT, 28 Nov 2025 00:34:57 UTC
~ 'https://api.stan.com.au/rec/v1/related?genres=Sport%2CFootball&maxRating=PG&source=5486795&started=true'
  status: ((200 OK)) headers: (Content-Type = application/json; charset=utf-8) (Vary = Accept-Encoding) (Cache-Control = max-age=59) (Date = Fri, 28 Nov 2025 00:38:58 GMT) (Connection = keep-alive) (Access-Control-Allow-Origin = *)   number of entries: 0
  total: 0
  vendor: 1
  model: related
  updated: 1764290097, 28 Nov 2025 11:34:57 AEDT, 28 Nov 2025 00:34:57 UTC
~ 'https://api.stan.com.au/rec/v1/related?genres=Sport%2CFootball&maxRating=PG&source=5486795&started=true'
  status: ((200 OK)) headers: (Content-Type = application/json; charset=utf-8) (Vary = Accept-Encoding) (Cache-Control = max-age=44) (Date = Fri, 28 Nov 2025 00:39:13 GMT) (Connection = keep-alive) (Access-Control-Allow-Origin = *)   number of entries: 0
  total: 0
  vendor: 1
  model: related
  updated: 1764290097, 28 Nov 2025 11:34:57 AEDT, 28 Nov 2025 00:34:57 UTC
~ 'https://api.stan.com.au/rec/v1/related?genres=Sport%2CFootball&maxRating=PG&source=5486795&started=true'
  status: ((200 OK)) headers: (Content-Type = application/json; charset=utf-8) (Vary = Accept-Encoding) (Cache-Control = max-age=29) (Date = Fri, 28 Nov 2025 00:39:28 GMT) (Connection = keep-alive) (Access-Control-Allow-Origin = *)   number of entries: 0
  total: 0
  vendor: 1
  model: related
  updated: 1764290097, 28 Nov 2025 11:34:57 AEDT, 28 Nov 2025 00:34:57 UTC
~ 'https://api.stan.com.au/rec/v1/related?genres=Sport%2CFootball&maxRating=PG&source=5486795&started=true'
  status: ((200 OK)) headers: (Content-Type = application/json; charset=utf-8) (Vary = Accept-Encoding) (Cache-Control = max-age=14) (Date = Fri, 28 Nov 2025 00:39:43 GMT) (Connection = keep-alive) (Access-Control-Allow-Origin = *)   number of entries: 0
  total: 0
  vendor: 1
  model: related
  updated: 1764290097, 28 Nov 2025 11:34:57 AEDT, 28 Nov 2025 00:34:57 UTC
~ 'https://api.stan.com.au/rec/v1/related?genres=Sport%2CFootball&maxRating=PG&source=5486795&started=true'
  status: ((200 OK)) headers: (Content-Type = application/json; charset=utf-8) (Vary = Accept-Encoding) (Cache-Control = max-age=300) (Date = Fri, 28 Nov 2025 00:39:58 GMT) (Connection = keep-alive) (Access-Control-Allow-Origin = *) ~ '  body has changed'
  number of entries: 0
  total: 0
  vendor: 1
  model: related
  updated: 1764290398, 28 Nov 2025 11:39:58 AEDT, 28 Nov 2025 00:39:58 UTC
~ 'https://api.stan.com.au/rec/v1/related?genres=Sport%2CFootball&maxRating=PG&source=5486795&started=true'
  status: ((200 OK)) headers: (Content-Type = application/json; charset=utf-8) (Vary = Accept-Encoding) (Cache-Control = max-age=285) (Date = Fri, 28 Nov 2025 00:40:13 GMT) (Connection = keep-alive) (Access-Control-Allow-Origin = *)   number of entries: 0
  total: 0
  vendor: 1
  model: related
  updated: 1764290398, 28 Nov 2025 11:39:58 AEDT, 28 Nov 2025 00:39:58 UTC
~ 'https://api.stan.com.au/rec/v1/related?genres=Sport%2CFootball&maxRating=PG&source=5486795&started=true'
  status: ((200 OK)) headers: (Content-Type = application/json; charset=utf-8) (Vary = Accept-Encoding) (Cache-Control = max-age=270) (Date = Fri, 28 Nov 2025 00:40:28 GMT) (Connection = keep-alive) (Access-Control-Allow-Origin = *)   number of entries: 0
  total: 0
  vendor: 1
  model: related
  updated: 1764290398, 28 Nov 2025 11:39:58 AEDT, 28 Nov 2025 00:39:58 UTC
~ 'https://api.stan.com.au/rec/v1/related?genres=Sport%2CFootball&maxRating=PG&source=5486795&started=true'
  status: ((200 OK)) headers: (Content-Type = application/json; charset=utf-8) (Vary = Accept-Encoding) (Cache-Control = max-age=255) (Date = Fri, 28 Nov 2025 00:40:43 GMT) (Connection = keep-alive) (Access-Control-Allow-Origin = *)   number of entries: 0
  total: 0
  vendor: 1
  model: related
  updated: 1764290398, 28 Nov 2025 11:39:58 AEDT, 28 Nov 2025 00:39:58 UTC
~ 'https://api.stan.com.au/rec/v1/related?genres=Sport%2CFootball&maxRating=PG&source=5486795&started=true'
  status: ((200 OK)) headers: (Content-Type = application/json; charset=utf-8) (Vary = Accept-Encoding) (Cache-Control = max-age=240) (Date = Fri, 28 Nov 2025 00:40:58 GMT) (Connection = keep-alive) (Access-Control-Allow-Origin = *)   number of entries: 0
  total: 0
  vendor: 1
  model: related
  updated: 1764290398, 28 Nov 2025 11:39:58 AEDT, 28 Nov 2025 00:39:58 UTC
~ 'https://api.stan.com.au/rec/v1/related?genres=Sport%2CFootball&maxRating=PG&source=5486795&started=true'
  status: ((200 OK)) headers: (Content-Type = application/json; charset=utf-8) (Vary = Accept-Encoding) (Cache-Control = max-age=224) (Date = Fri, 28 Nov 2025 00:41:14 GMT) (Connection = keep-alive) (Access-Control-Allow-Origin = *)   number of entries: 0
  total: 0
  vendor: 1
  model: related
  updated: 1764290398, 28 Nov 2025 11:39:58 AEDT, 28 Nov 2025 00:39:58 UTC
~ 'https://api.stan.com.au/rec/v1/related?genres=Sport%2CFootball&maxRating=PG&source=5486795&started=true'
  status: ((200 OK)) headers: (Content-Type = application/json; charset=utf-8) (Vary = Accept-Encoding) (Cache-Control = max-age=209) (Date = Fri, 28 Nov 2025 00:41:29 GMT) (Connection = keep-alive) (Access-Control-Allow-Origin = *)   number of entries: 0
  total: 0
  vendor: 1
  model: related
  updated: 1764290398, 28 Nov 2025 11:39:58 AEDT, 28 Nov 2025 00:39:58 UTC
~ 'https://api.stan.com.au/rec/v1/related?genres=Sport%2CFootball&maxRating=PG&source=5486795&started=true'
  status: ((200 OK)) headers: (Content-Type = application/json; charset=utf-8) (Vary = Accept-Encoding) (Cache-Control = max-age=194) (Date = Fri, 28 Nov 2025 00:41:44 GMT) (Connection = keep-alive) (Access-Control-Allow-Origin = *)   number of entries: 0
  total: 0
  vendor: 1
  model: related
  updated: 1764290398, 28 Nov 2025 11:39:58 AEDT, 28 Nov 2025 00:39:58 UTC
~ 'https://api.stan.com.au/rec/v1/related?genres=Sport%2CFootball&maxRating=PG&source=5486795&started=true'
  status: ((200 OK)) headers: (Content-Type = application/json; charset=utf-8) (Vary = Accept-Encoding) (Cache-Control = max-age=179) (Date = Fri, 28 Nov 2025 00:41:59 GMT) (Connection = keep-alive) (Access-Control-Allow-Origin = *)   number of entries: 0
  total: 0
  vendor: 1
  model: related
  updated: 1764290398, 28 Nov 2025 11:39:58 AEDT, 28 Nov 2025 00:39:58 UTC
~ 'https://api.stan.com.au/rec/v1/related?genres=Sport%2CFootball&maxRating=PG&source=5486795&started=true'
  status: ((200 OK)) headers: (Content-Type = application/json; charset=utf-8) (Vary = Accept-Encoding) (Cache-Control = max-age=164) (Date = Fri, 28 Nov 2025 00:42:14 GMT) (Connection = keep-alive) (Access-Control-Allow-Origin = *)   number of entries: 0
  total: 0
  vendor: 1
  model: related
  updated: 1764290398, 28 Nov 2025 11:39:58 AEDT, 28 Nov 2025 00:39:58 UTC
~ 'https://api.stan.com.au/rec/v1/related?genres=Sport%2CFootball&maxRating=PG&source=5486795&started=true'
  status: ((200 OK)) headers: (Content-Type = application/json; charset=utf-8) (Vary = Accept-Encoding) (Cache-Control = max-age=149) (Date = Fri, 28 Nov 2025 00:42:29 GMT) (Connection = keep-alive) (Access-Control-Allow-Origin = *)   number of entries: 0
  total: 0
  vendor: 1
  model: related
  updated: 1764290398, 28 Nov 2025 11:39:58 AEDT, 28 Nov 2025 00:39:58 UTC
~ 'https://api.stan.com.au/rec/v1/related?genres=Sport%2CFootball&maxRating=PG&source=5486795&started=true'
  status: ((200 OK)) headers: (Content-Type = application/json; charset=utf-8) (Vary = Accept-Encoding) (Cache-Control = max-age=134) (Date = Fri, 28 Nov 2025 00:42:44 GMT) (Connection = keep-alive) (Access-Control-Allow-Origin = *)   number of entries: 0
  total: 0
  vendor: 1
  model: related
  updated: 1764290398, 28 Nov 2025 11:39:58 AEDT, 28 Nov 2025 00:39:58 UTC
~ 'https://api.stan.com.au/rec/v1/related?genres=Sport%2CFootball&maxRating=PG&source=5486795&started=true'
  status: ((200 OK)) headers: (Content-Type = application/json; charset=utf-8) (Vary = Accept-Encoding) (Cache-Control = max-age=119) (Date = Fri, 28 Nov 2025 00:42:59 GMT) (Connection = keep-alive) (Access-Control-Allow-Origin = *)   number of entries: 0
  total: 0
  vendor: 1
  model: related
  updated: 1764290398, 28 Nov 2025 11:39:58 AEDT, 28 Nov 2025 00:39:58 UTC
~ 'https://api.stan.com.au/rec/v1/related?genres=Sport%2CFootball&maxRating=PG&source=5486795&started=true'
  status: ((200 OK)) headers: (Content-Type = application/json; charset=utf-8) (Vary = Accept-Encoding) (Cache-Control = max-age=104) (Date = Fri, 28 Nov 2025 00:43:14 GMT) (Connection = keep-alive) (Access-Control-Allow-Origin = *)   number of entries: 0
  total: 0
  vendor: 1
  model: related
  updated: 1764290398, 28 Nov 2025 11:39:58 AEDT, 28 Nov 2025 00:39:58 UTC
~ 'https://api.stan.com.au/rec/v1/related?genres=Sport%2CFootball&maxRating=PG&source=5486795&started=true'
  status: ((200 OK)) headers: (Content-Type = application/json; charset=utf-8) (Vary = Accept-Encoding) (Cache-Control = max-age=89) (Date = Fri, 28 Nov 2025 00:43:29 GMT) (Connection = keep-alive) (Access-Control-Allow-Origin = *)   number of entries: 0
  total: 0
  vendor: 1
  model: related
  updated: 1764290398, 28 Nov 2025 11:39:58 AEDT, 28 Nov 2025 00:39:58 UTC
~ 'https://api.stan.com.au/rec/v1/related?genres=Sport%2CFootball&maxRating=PG&source=5486795&started=true'
  status: ((200 OK)) headers: (Content-Type = application/json; charset=utf-8) (Vary = Accept-Encoding) (Cache-Control = max-age=74) (Date = Fri, 28 Nov 2025 00:43:44 GMT) (Connection = keep-alive) (Access-Control-Allow-Origin = *)   number of entries: 0
  total: 0
  vendor: 1
  model: related
  updated: 1764290398, 28 Nov 2025 11:39:58 AEDT, 28 Nov 2025 00:39:58 UTC
~ 'https://api.stan.com.au/rec/v1/related?genres=Sport%2CFootball&maxRating=PG&source=5486795&started=true'
  status: ((200 OK)) headers: (Content-Type = application/json; charset=utf-8) (Vary = Accept-Encoding) (Cache-Control = max-age=59) (Date = Fri, 28 Nov 2025 00:43:59 GMT) (Connection = keep-alive) (Access-Control-Allow-Origin = *)   number of entries: 0
  total: 0
  vendor: 1
  model: related
  updated: 1764290398, 28 Nov 2025 11:39:58 AEDT, 28 Nov 2025 00:39:58 UTC
~ 'https://api.stan.com.au/rec/v1/related?genres=Sport%2CFootball&maxRating=PG&source=5486795&started=true'
  status: ((200 OK)) headers: (Content-Type = application/json; charset=utf-8) (Vary = Accept-Encoding) (Cache-Control = max-age=44) (Date = Fri, 28 Nov 2025 00:44:14 GMT) (Connection = keep-alive) (Access-Control-Allow-Origin = *)   number of entries: 0
  total: 0
  vendor: 1
  model: related
  updated: 1764290398, 28 Nov 2025 11:39:58 AEDT, 28 Nov 2025 00:39:58 UTC
~ 'https://api.stan.com.au/rec/v1/related?genres=Sport%2CFootball&maxRating=PG&source=5486795&started=true'
  status: ((200 OK)) headers: (Content-Type = application/json; charset=utf-8) (Vary = Accept-Encoding) (Cache-Control = max-age=29) (Date = Fri, 28 Nov 2025 00:44:29 GMT) (Connection = keep-alive) (Access-Control-Allow-Origin = *)   number of entries: 0
  total: 0
  vendor: 1
  model: related
  updated: 1764290398, 28 Nov 2025 11:39:58 AEDT, 28 Nov 2025 00:39:58 UTC
~ 'https://api.stan.com.au/rec/v1/related?genres=Sport%2CFootball&maxRating=PG&source=5486795&started=true'
  status: ((200 OK)) headers: (Content-Type = application/json; charset=utf-8) (Vary = Accept-Encoding) (Cache-Control = max-age=14) (Date = Fri, 28 Nov 2025 00:44:44 GMT) (Connection = keep-alive) (Access-Control-Allow-Origin = *)   number of entries: 0
  total: 0
  vendor: 1
  model: related
  updated: 1764290398, 28 Nov 2025 11:39:58 AEDT, 28 Nov 2025 00:39:58 UTC
~ 'https://api.stan.com.au/rec/v1/related?genres=Sport%2CFootball&maxRating=PG&source=5486795&started=true'
  status: ((200 OK)) headers: (Content-Type = application/json; charset=utf-8) (Vary = Accept-Encoding) (Cache-Control = max-age=300) (Date = Fri, 28 Nov 2025 00:45:00 GMT) (Connection = keep-alive) (Access-Control-Allow-Origin = *) ~ '  body has changed'
  number of entries: 0
  total: 0
  vendor: 1
  model: related
  updated: 1764290700, 28 Nov 2025 11:45:00 AEDT, 28 Nov 2025 00:45:00 UTC
~ 'https://api.stan.com.au/rec/v1/related?genres=Sport%2CFootball&maxRating=PG&source=5486795&started=true'
  status: ((200 OK)) headers: (Content-Type = application/json; charset=utf-8) (Vary = Accept-Encoding) (Cache-Control = max-age=285) (Date = Fri, 28 Nov 2025 00:45:15 GMT) (Connection = keep-alive) (Access-Control-Allow-Origin = *)   number of entries: 0
  total: 0
  vendor: 1
  model: related
  updated: 1764290700, 28 Nov 2025 11:45:00 AEDT, 28 Nov 2025 00:45:00 UTC
~ 'https://api.stan.com.au/rec/v1/related?genres=Sport%2CFootball&maxRating=PG&source=5486795&started=true'
  status: ((200 OK)) headers: (Content-Type = application/json; charset=utf-8) (Vary = Accept-Encoding) (Cache-Control = max-age=270) (Date = Fri, 28 Nov 2025 00:45:30 GMT) (Connection = keep-alive) (Access-Control-Allow-Origin = *)   number of entries: 0
  total: 0
  vendor: 1
  model: related
  updated: 1764290700, 28 Nov 2025 11:45:00 AEDT, 28 Nov 2025 00:45:00 UTC
~ 'https://api.stan.com.au/rec/v1/related?genres=Sport%2CFootball&maxRating=PG&source=5486795&started=true'
  status: ((200 OK)) headers: (Content-Type = application/json; charset=utf-8) (Vary = Accept-Encoding) (Cache-Control = max-age=255) (Date = Fri, 28 Nov 2025 00:45:45 GMT) (Connection = keep-alive) (Access-Control-Allow-Origin = *)   number of entries: 0
  total: 0
  vendor: 1
  model: related
  updated: 1764290700, 28 Nov 2025 11:45:00 AEDT, 28 Nov 2025 00:45:00 UTC
~ 'https://api.stan.com.au/rec/v1/related?genres=Sport%2CFootball&maxRating=PG&source=5486795&started=true'
  status: ((200 OK)) headers: (Content-Type = application/json; charset=utf-8) (Vary = Accept-Encoding) (Cache-Control = max-age=240) (Date = Fri, 28 Nov 2025 00:46:00 GMT) (Connection = keep-alive) (Access-Control-Allow-Origin = *)   number of entries: 0
  total: 0
  vendor: 1
  model: related
  updated: 1764290700, 28 Nov 2025 11:45:00 AEDT, 28 Nov 2025 00:45:00 UTC
~ 'https://api.stan.com.au/rec/v1/related?genres=Sport%2CFootball&maxRating=PG&source=5486795&started=true'
  status: ((200 OK)) headers: (Content-Type = application/json; charset=utf-8) (Vary = Accept-Encoding) (Cache-Control = max-age=225) (Date = Fri, 28 Nov 2025 00:46:15 GMT) (Connection = keep-alive) (Access-Control-Allow-Origin = *)   number of entries: 0
  total: 0
  vendor: 1
  model: related
  updated: 1764290700, 28 Nov 2025 11:45:00 AEDT, 28 Nov 2025 00:45:00 UTC
~ 'https://api.stan.com.au/rec/v1/related?genres=Sport%2CFootball&maxRating=PG&source=5486795&started=true'
  status: ((200 OK)) headers: (Content-Type = application/json; charset=utf-8) (Vary = Accept-Encoding) (Cache-Control = max-age=210) (Date = Fri, 28 Nov 2025 00:46:30 GMT) (Connection = keep-alive) (Access-Control-Allow-Origin = *)   number of entries: 0
  total: 0
  vendor: 1
  model: related
  updated: 1764290700, 28 Nov 2025 11:45:00 AEDT, 28 Nov 2025 00:45:00 UTC
~ 'https://api.stan.com.au/rec/v1/related?genres=Sport%2CFootball&maxRating=PG&source=5486795&started=true'
  status: ((200 OK)) headers: (Content-Type = application/json; charset=utf-8) (Vary = Accept-Encoding) (Cache-Control = max-age=195) (Date = Fri, 28 Nov 2025 00:46:45 GMT) (Connection = keep-alive) (Access-Control-Allow-Origin = *)   number of entries: 0
  total: 0
  vendor: 1
  model: related
  updated: 1764290700, 28 Nov 2025 11:45:00 AEDT, 28 Nov 2025 00:45:00 UTC
~ 'https://api.stan.com.au/rec/v1/related?genres=Sport%2CFootball&maxRating=PG&source=5486795&started=true'
  status: ((200 OK)) headers: (Content-Type = application/json; charset=utf-8) (Vary = Accept-Encoding) (Cache-Control = max-age=180) (Date = Fri, 28 Nov 2025 00:47:00 GMT) (Connection = keep-alive) (Access-Control-Allow-Origin = *)   number of entries: 0
  total: 0
  vendor: 1
  model: related
  updated: 1764290700, 28 Nov 2025 11:45:00 AEDT, 28 Nov 2025 00:45:00 UTC
~ 'https://api.stan.com.au/rec/v1/related?genres=Sport%2CFootball&maxRating=PG&source=5486795&started=true'
  status: ((200 OK)) headers: (Content-Type = application/json; charset=utf-8) (Vary = Accept-Encoding) (Cache-Control = max-age=165) (Date = Fri, 28 Nov 2025 00:47:15 GMT) (Connection = keep-alive) (Access-Control-Allow-Origin = *)   number of entries: 0
  total: 0
  vendor: 1
  model: related
  updated: 1764290700, 28 Nov 2025 11:45:00 AEDT, 28 Nov 2025 00:45:00 UTC
~ 'https://api.stan.com.au/rec/v1/related?genres=Sport%2CFootball&maxRating=PG&source=5486795&started=true'
  status: ((200 OK)) headers: (Content-Type = application/json; charset=utf-8) (Vary = Accept-Encoding) (Cache-Control = max-age=150) (Date = Fri, 28 Nov 2025 00:47:30 GMT) (Connection = keep-alive) (Access-Control-Allow-Origin = *)   number of entries: 0
  total: 0
  vendor: 1
  model: related
  updated: 1764290700, 28 Nov 2025 11:45:00 AEDT, 28 Nov 2025 00:45:00 UTC
~ 'https://api.stan.com.au/rec/v1/related?genres=Sport%2CFootball&maxRating=PG&source=5486795&started=true'
  status: ((200 OK)) headers: (Content-Type = application/json; charset=utf-8) (Vary = Accept-Encoding) (Cache-Control = max-age=135) (Date = Fri, 28 Nov 2025 00:47:45 GMT) (Connection = keep-alive) (Access-Control-Allow-Origin = *)   number of entries: 0
  total: 0
  vendor: 1
  model: related
  updated: 1764290700, 28 Nov 2025 11:45:00 AEDT, 28 Nov 2025 00:45:00 UTC
~ 'https://api.stan.com.au/rec/v1/related?genres=Sport%2CFootball&maxRating=PG&source=5486795&started=true'
  status: ((200 OK)) headers: (Content-Type = application/json; charset=utf-8) (Vary = Accept-Encoding) (Cache-Control = max-age=120) (Date = Fri, 28 Nov 2025 00:48:00 GMT) (Connection = keep-alive) (Access-Control-Allow-Origin = *)   number of entries: 0
  total: 0
  vendor: 1
  model: related
  updated: 1764290700, 28 Nov 2025 11:45:00 AEDT, 28 Nov 2025 00:45:00 UTC
~ 'https://api.stan.com.au/rec/v1/related?genres=Sport%2CFootball&maxRating=PG&source=5486795&started=true'
  status: ((200 OK)) headers: (Content-Type = application/json; charset=utf-8) (Vary = Accept-Encoding) (Cache-Control = max-age=105) (Date = Fri, 28 Nov 2025 00:48:15 GMT) (Connection = keep-alive) (Access-Control-Allow-Origin = *)   number of entries: 0
  total: 0
  vendor: 1
  model: related
  updated: 1764290700, 28 Nov 2025 11:45:00 AEDT, 28 Nov 2025 00:45:00 UTC
~ 'https://api.stan.com.au/rec/v1/related?genres=Sport%2CFootball&maxRating=PG&source=5486795&started=true'
  status: ((200 OK)) headers: (Content-Type = application/json; charset=utf-8) (Vary = Accept-Encoding) (Cache-Control = max-age=90) (Date = Fri, 28 Nov 2025 00:48:30 GMT) (Connection = keep-alive) (Access-Control-Allow-Origin = *)   number of entries: 0
  total: 0
  vendor: 1
  model: related
  updated: 1764290700, 28 Nov 2025 11:45:00 AEDT, 28 Nov 2025 00:45:00 UTC
~ 'https://api.stan.com.au/rec/v1/related?genres=Sport%2CFootball&maxRating=PG&source=5486795&started=true'
  status: ((200 OK)) headers: (Content-Type = application/json; charset=utf-8) (Vary = Accept-Encoding) (Cache-Control = max-age=75) (Date = Fri, 28 Nov 2025 00:48:45 GMT) (Connection = keep-alive) (Access-Control-Allow-Origin = *)   number of entries: 0
  total: 0
  vendor: 1
  model: related
  updated: 1764290700, 28 Nov 2025 11:45:00 AEDT, 28 Nov 2025 00:45:00 UTC
~ 'https://api.stan.com.au/rec/v1/related?genres=Sport%2CFootball&maxRating=PG&source=5486795&started=true'
  status: ((200 OK)) headers: (Content-Type = application/json; charset=utf-8) (Vary = Accept-Encoding) (Cache-Control = max-age=59) (Date = Fri, 28 Nov 2025 00:49:01 GMT) (Connection = keep-alive) (Access-Control-Allow-Origin = *)   number of entries: 0
  total: 0
  vendor: 1
  model: related
  updated: 1764290700, 28 Nov 2025 11:45:00 AEDT, 28 Nov 2025 00:45:00 UTC
~ 'https://api.stan.com.au/rec/v1/related?genres=Sport%2CFootball&maxRating=PG&source=5486795&started=true'
  status: ((200 OK)) headers: (Content-Type = application/json; charset=utf-8) (Vary = Accept-Encoding) (Cache-Control = max-age=44) (Date = Fri, 28 Nov 2025 00:49:16 GMT) (Connection = keep-alive) (Access-Control-Allow-Origin = *)   number of entries: 0
  total: 0
  vendor: 1
  model: related
  updated: 1764290700, 28 Nov 2025 11:45:00 AEDT, 28 Nov 2025 00:45:00 UTC
~ 'https://api.stan.com.au/rec/v1/related?genres=Sport%2CFootball&maxRating=PG&source=5486795&started=true'
  status: ((200 OK)) headers: (Content-Type = application/json; charset=utf-8) (Vary = Accept-Encoding) (Cache-Control = max-age=29) (Date = Fri, 28 Nov 2025 00:49:31 GMT) (Connection = keep-alive) (Access-Control-Allow-Origin = *)   number of entries: 0
  total: 0
  vendor: 1
  model: related
  updated: 1764290700, 28 Nov 2025 11:45:00 AEDT, 28 Nov 2025 00:45:00 UTC
~ 'https://api.stan.com.au/rec/v1/related?genres=Sport%2CFootball&maxRating=PG&source=5486795&started=true'
  status: ((200 OK)) headers: (Content-Type = application/json; charset=utf-8) (Vary = Accept-Encoding) (Cache-Control = max-age=14) (Date = Fri, 28 Nov 2025 00:49:46 GMT) (Connection = keep-alive) (Access-Control-Allow-Origin = *)   number of entries: 0
  total: 0
  vendor: 1
  model: related
  updated: 1764290700, 28 Nov 2025 11:45:00 AEDT, 28 Nov 2025 00:45:00 UTC
~ 'https://api.stan.com.au/rec/v1/related?genres=Sport%2CFootball&maxRating=PG&source=5486795&started=true'
  status: ((200 OK)) headers: (Content-Type = application/json; charset=utf-8) (Vary = Accept-Encoding) (Cache-Control = max-age=300) (Date = Fri, 28 Nov 2025 00:50:02 GMT) (Connection = keep-alive) (Access-Control-Allow-Origin = *) ~ '  body has changed'
  number of entries: 0
  total: 0
  vendor: 1
  model: related
  updated: 1764291001, 28 Nov 2025 11:50:01 AEDT, 28 Nov 2025 00:50:01 UTC
~ 'https://api.stan.com.au/rec/v1/related?genres=Sport%2CFootball&maxRating=PG&source=5486795&started=true'
  status: ((200 OK)) headers: (Content-Type = application/json; charset=utf-8) (Vary = Accept-Encoding) (Cache-Control = max-age=285) (Date = Fri, 28 Nov 2025 00:50:17 GMT) (Connection = keep-alive) (Access-Control-Allow-Origin = *)   number of entries: 0
  total: 0
  vendor: 1
  model: related
  updated: 1764291001, 28 Nov 2025 11:50:01 AEDT, 28 Nov 2025 00:50:01 UTC
~ 'https://api.stan.com.au/rec/v1/related?genres=Sport%2CFootball&maxRating=PG&source=5486795&started=true'
  status: ((200 OK)) headers: (Content-Type = application/json; charset=utf-8) (Vary = Accept-Encoding) (Cache-Control = max-age=270) (Date = Fri, 28 Nov 2025 00:50:32 GMT) (Connection = keep-alive) (Access-Control-Allow-Origin = *)   number of entries: 0
  total: 0
  vendor: 1
  model: related
  updated: 1764291001, 28 Nov 2025 11:50:01 AEDT, 28 Nov 2025 00:50:01 UTC
~ 'https://api.stan.com.au/rec/v1/related?genres=Sport%2CFootball&maxRating=PG&source=5486795&started=true'
  status: ((200 OK)) headers: (Content-Type = application/json; charset=utf-8) (Vary = Accept-Encoding) (Cache-Control = max-age=255) (Date = Fri, 28 Nov 2025 00:50:47 GMT) (Connection = keep-alive) (Access-Control-Allow-Origin = *)   number of entries: 0
  total: 0
  vendor: 1
  model: related
  updated: 1764291001, 28 Nov 2025 11:50:01 AEDT, 28 Nov 2025 00:50:01 UTC
~ 'https://api.stan.com.au/rec/v1/related?genres=Sport%2CFootball&maxRating=PG&source=5486795&started=true'
  status: ((200 OK)) headers: (Content-Type = application/json; charset=utf-8) (Vary = Accept-Encoding) (Cache-Control = max-age=240) (Date = Fri, 28 Nov 2025 00:51:02 GMT) (Connection = keep-alive) (Access-Control-Allow-Origin = *)   number of entries: 0
  total: 0
  vendor: 1
  model: related
  updated: 1764291001, 28 Nov 2025 11:50:01 AEDT, 28 Nov 2025 00:50:01 UTC
~ 'https://api.stan.com.au/rec/v1/related?genres=Sport%2CFootball&maxRating=PG&source=5486795&started=true'
  status: ((200 OK)) headers: (Content-Type = application/json; charset=utf-8) (Vary = Accept-Encoding) (Cache-Control = max-age=225) (Date = Fri, 28 Nov 2025 00:51:17 GMT) (Connection = keep-alive) (Access-Control-Allow-Origin = *)   number of entries: 0
  total: 0
  vendor: 1
  model: related
  updated: 1764291001, 28 Nov 2025 11:50:01 AEDT, 28 Nov 2025 00:50:01 UTC
~ 'https://api.stan.com.au/rec/v1/related?genres=Sport%2CFootball&maxRating=PG&source=5486795&started=true'
  status: ((200 OK)) headers: (Content-Type = application/json; charset=utf-8) (Vary = Accept-Encoding) (Cache-Control = max-age=210) (Date = Fri, 28 Nov 2025 00:51:32 GMT) (Connection = keep-alive) (Access-Control-Allow-Origin = *)   number of entries: 0
  total: 0
  vendor: 1
  model: related
  updated: 1764291001, 28 Nov 2025 11:50:01 AEDT, 28 Nov 2025 00:50:01 UTC
~ 'https://api.stan.com.au/rec/v1/related?genres=Sport%2CFootball&maxRating=PG&source=5486795&started=true'
  status: ((200 OK)) headers: (Content-Type = application/json; charset=utf-8) (Vary = Accept-Encoding) (Cache-Control = max-age=195) (Date = Fri, 28 Nov 2025 00:51:47 GMT) (Connection = keep-alive) (Access-Control-Allow-Origin = *)   number of entries: 0
  total: 0
  vendor: 1
  model: related
  updated: 1764291001, 28 Nov 2025 11:50:01 AEDT, 28 Nov 2025 00:50:01 UTC
~ 'https://api.stan.com.au/rec/v1/related?genres=Sport%2CFootball&maxRating=PG&source=5486795&started=true'
  status: ((200 OK)) headers: (Content-Type = application/json; charset=utf-8) (Vary = Accept-Encoding) (Cache-Control = max-age=180) (Date = Fri, 28 Nov 2025 00:52:02 GMT) (Connection = keep-alive) (Access-Control-Allow-Origin = *)   number of entries: 0
  total: 0
  vendor: 1
  model: related
  updated: 1764291001, 28 Nov 2025 11:50:01 AEDT, 28 Nov 2025 00:50:01 UTC
~ 'https://api.stan.com.au/rec/v1/related?genres=Sport%2CFootball&maxRating=PG&source=5486795&started=true'
  status: ((200 OK)) headers: (Content-Type = application/json; charset=utf-8) (Vary = Accept-Encoding) (Cache-Control = max-age=165) (Date = Fri, 28 Nov 2025 00:52:17 GMT) (Connection = keep-alive) (Access-Control-Allow-Origin = *)   number of entries: 0
  total: 0
  vendor: 1
  model: related
  updated: 1764291001, 28 Nov 2025 11:50:01 AEDT, 28 Nov 2025 00:50:01 UTC
~ 'https://api.stan.com.au/rec/v1/related?genres=Sport%2CFootball&maxRating=PG&source=5486795&started=true'
  status: ((200 OK)) headers: (Content-Type = application/json; charset=utf-8) (Vary = Accept-Encoding) (Cache-Control = max-age=150) (Date = Fri, 28 Nov 2025 00:52:32 GMT) (Connection = keep-alive) (Access-Control-Allow-Origin = *)   number of entries: 0
  total: 0
  vendor: 1
  model: related
  updated: 1764291001, 28 Nov 2025 11:50:01 AEDT, 28 Nov 2025 00:50:01 UTC
~ 'https://api.stan.com.au/rec/v1/related?genres=Sport%2CFootball&maxRating=PG&source=5486795&started=true'
  status: ((200 OK)) headers: (Content-Type = application/json; charset=utf-8) (Vary = Accept-Encoding) (Cache-Control = max-age=135) (Date = Fri, 28 Nov 2025 00:52:47 GMT) (Connection = keep-alive) (Access-Control-Allow-Origin = *)   number of entries: 0
  total: 0
  vendor: 1
  model: related
  updated: 1764291001, 28 Nov 2025 11:50:01 AEDT, 28 Nov 2025 00:50:01 UTC
~ 'https://api.stan.com.au/rec/v1/related?genres=Sport%2CFootball&maxRating=PG&source=5486795&started=true'
  status: ((200 OK)) headers: (Content-Type = application/json; charset=utf-8) (Vary = Accept-Encoding) (Cache-Control = max-age=120) (Date = Fri, 28 Nov 2025 00:53:02 GMT) (Connection = keep-alive) (Access-Control-Allow-Origin = *)   number of entries: 0
  total: 0
  vendor: 1
  model: related
  updated: 1764291001, 28 Nov 2025 11:50:01 AEDT, 28 Nov 2025 00:50:01 UTC
~ 'https://api.stan.com.au/rec/v1/related?genres=Sport%2CFootball&maxRating=PG&source=5486795&started=true'
  status: ((200 OK)) headers: (Content-Type = application/json; charset=utf-8) (Vary = Accept-Encoding) (Cache-Control = max-age=105) (Date = Fri, 28 Nov 2025 00:53:17 GMT) (Connection = keep-alive) (Access-Control-Allow-Origin = *)   number of entries: 0
  total: 0
  vendor: 1
  model: related
  updated: 1764291001, 28 Nov 2025 11:50:01 AEDT, 28 Nov 2025 00:50:01 UTC
~ 'https://api.stan.com.au/rec/v1/related?genres=Sport%2CFootball&maxRating=PG&source=5486795&started=true'
  status: ((200 OK)) headers: (Content-Type = application/json; charset=utf-8) (Vary = Accept-Encoding) (Cache-Control = max-age=89) (Date = Fri, 28 Nov 2025 00:53:33 GMT) (Connection = keep-alive) (Access-Control-Allow-Origin = *)   number of entries: 0
  total: 0
  vendor: 1
  model: related
  updated: 1764291001, 28 Nov 2025 11:50:01 AEDT, 28 Nov 2025 00:50:01 UTC
~ 'https://api.stan.com.au/rec/v1/related?genres=Sport%2CFootball&maxRating=PG&source=5486795&started=true'
  status: ((200 OK)) headers: (Content-Type = application/json; charset=utf-8) (Vary = Accept-Encoding) (Cache-Control = max-age=74) (Date = Fri, 28 Nov 2025 00:53:48 GMT) (Connection = keep-alive) (Access-Control-Allow-Origin = *)   number of entries: 0
  total: 0
  vendor: 1
  model: related
  updated: 1764291001, 28 Nov 2025 11:50:01 AEDT, 28 Nov 2025 00:50:01 UTC
~ 'https://api.stan.com.au/rec/v1/related?genres=Sport%2CFootball&maxRating=PG&source=5486795&started=true'
  status: ((200 OK)) headers: (Content-Type = application/json; charset=utf-8) (Vary = Accept-Encoding) (Cache-Control = max-age=59) (Date = Fri, 28 Nov 2025 00:54:03 GMT) (Connection = keep-alive) (Access-Control-Allow-Origin = *)   number of entries: 0
  total: 0
  vendor: 1
  model: related
  updated: 1764291001, 28 Nov 2025 11:50:01 AEDT, 28 Nov 2025 00:50:01 UTC
~ 'https://api.stan.com.au/rec/v1/related?genres=Sport%2CFootball&maxRating=PG&source=5486795&started=true'
  status: ((200 OK)) headers: (Content-Type = application/json; charset=utf-8) (Vary = Accept-Encoding) (Cache-Control = max-age=44) (Date = Fri, 28 Nov 2025 00:54:18 GMT) (Connection = keep-alive) (Access-Control-Allow-Origin = *)   number of entries: 0
  total: 0
  vendor: 1
  model: related
  updated: 1764291001, 28 Nov 2025 11:50:01 AEDT, 28 Nov 2025 00:50:01 UTC
~ 'https://api.stan.com.au/rec/v1/related?genres=Sport%2CFootball&maxRating=PG&source=5486795&started=true'
  status: ((200 OK)) headers: (Content-Type = application/json; charset=utf-8) (Vary = Accept-Encoding) (Cache-Control = max-age=29) (Date = Fri, 28 Nov 2025 00:54:33 GMT) (Connection = keep-alive) (Access-Control-Allow-Origin = *)   number of entries: 0
  total: 0
  vendor: 1
  model: related
  updated: 1764291001, 28 Nov 2025 11:50:01 AEDT, 28 Nov 2025 00:50:01 UTC
~ 'https://api.stan.com.au/rec/v1/related?genres=Sport%2CFootball&maxRating=PG&source=5486795&started=true'
  status: ((200 OK)) headers: (Content-Type = application/json; charset=utf-8) (Vary = Accept-Encoding) (Cache-Control = max-age=14) (Date = Fri, 28 Nov 2025 00:54:48 GMT) (Connection = keep-alive) (Access-Control-Allow-Origin = *)   number of entries: 0
  total: 0
  vendor: 1
  model: related
  updated: 1764291001, 28 Nov 2025 11:50:01 AEDT, 28 Nov 2025 00:50:01 UTC
~ 'https://api.stan.com.au/rec/v1/related?genres=Sport%2CFootball&maxRating=PG&source=5486795&started=true'
  status: ((200 OK)) headers: (Content-Type = application/json; charset=utf-8) (Vary = Accept-Encoding) (Cache-Control = max-age=300) (Date = Fri, 28 Nov 2025 00:55:03 GMT) (Connection = keep-alive) (Access-Control-Allow-Origin = *) ~ '  body has changed'
  number of entries: 0
  total: 0
  vendor: 1
  model: related
  updated: 1764291303, 28 Nov 2025 11:55:03 AEDT, 28 Nov 2025 00:55:03 UTC
~ 'https://api.stan.com.au/rec/v1/related?genres=Sport%2CFootball&maxRating=PG&source=5486795&started=true'
  status: ((200 OK)) headers: (Content-Type = application/json; charset=utf-8) (Vary = Accept-Encoding) (Cache-Control = max-age=285) (Date = Fri, 28 Nov 2025 00:55:18 GMT) (Connection = keep-alive) (Access-Control-Allow-Origin = *)   number of entries: 0
  total: 0
  vendor: 1
  model: related
  updated: 1764291303, 28 Nov 2025 11:55:03 AEDT, 28 Nov 2025 00:55:03 UTC
~ 'https://api.stan.com.au/rec/v1/related?genres=Sport%2CFootball&maxRating=PG&source=5486795&started=true'
  status: ((200 OK)) headers: (Content-Type = application/json; charset=utf-8) (Vary = Accept-Encoding) (Cache-Control = max-age=270) (Date = Fri, 28 Nov 2025 00:55:33 GMT) (Connection = keep-alive) (Access-Control-Allow-Origin = *)   number of entries: 0
  total: 0
  vendor: 1
  model: related
  updated: 1764291303, 28 Nov 2025 11:55:03 AEDT, 28 Nov 2025 00:55:03 UTC
~ 'https://api.stan.com.au/rec/v1/related?genres=Sport%2CFootball&maxRating=PG&source=5486795&started=true'
  status: ((200 OK)) headers: (Content-Type = application/json; charset=utf-8) (Vary = Accept-Encoding) (Cache-Control = max-age=255) (Date = Fri, 28 Nov 2025 00:55:48 GMT) (Connection = keep-alive) (Access-Control-Allow-Origin = *)   number of entries: 0
  total: 0
  vendor: 1
  model: related
  updated: 1764291303, 28 Nov 2025 11:55:03 AEDT, 28 Nov 2025 00:55:03 UTC
~ 'https://api.stan.com.au/rec/v1/related?genres=Sport%2CFootball&maxRating=PG&source=5486795&started=true'
  status: ((200 OK)) headers: (Content-Type = application/json; charset=utf-8) (Vary = Accept-Encoding) (Cache-Control = max-age=240) (Date = Fri, 28 Nov 2025 00:56:03 GMT) (Connection = keep-alive) (Access-Control-Allow-Origin = *)   number of entries: 0
  total: 0
  vendor: 1
  model: related
  updated: 1764291303, 28 Nov 2025 11:55:03 AEDT, 28 Nov 2025 00:55:03 UTC
~ 'https://api.stan.com.au/rec/v1/related?genres=Sport%2CFootball&maxRating=PG&source=5486795&started=true'
  status: ((200 OK)) headers: (Content-Type = application/json; charset=utf-8) (Vary = Accept-Encoding) (Cache-Control = max-age=225) (Date = Fri, 28 Nov 2025 00:56:18 GMT) (Connection = keep-alive) (Access-Control-Allow-Origin = *)   number of entries: 0
  total: 0
  vendor: 1
  model: related
  updated: 1764291303, 28 Nov 2025 11:55:03 AEDT, 28 Nov 2025 00:55:03 UTC
~ 'https://api.stan.com.au/rec/v1/related?genres=Sport%2CFootball&maxRating=PG&source=5486795&started=true'
  status: ((200 OK)) headers: (Content-Type = application/json; charset=utf-8) (Vary = Accept-Encoding) (Cache-Control = max-age=210) (Date = Fri, 28 Nov 2025 00:56:33 GMT) (Connection = keep-alive) (Access-Control-Allow-Origin = *)   number of entries: 0
  total: 0
  vendor: 1
  model: related
  updated: 1764291303, 28 Nov 2025 11:55:03 AEDT, 28 Nov 2025 00:55:03 UTC
~ 'https://api.stan.com.au/rec/v1/related?genres=Sport%2CFootball&maxRating=PG&source=5486795&started=true'
  status: ((200 OK)) headers: (Content-Type = application/json; charset=utf-8) (Vary = Accept-Encoding) (Cache-Control = max-age=195) (Date = Fri, 28 Nov 2025 00:56:48 GMT) (Connection = keep-alive) (Access-Control-Allow-Origin = *)   number of entries: 0
  total: 0
  vendor: 1
  model: related
  updated: 1764291303, 28 Nov 2025 11:55:03 AEDT, 28 Nov 2025 00:55:03 UTC
~ 'https://api.stan.com.au/rec/v1/related?genres=Sport%2CFootball&maxRating=PG&source=5486795&started=true'
  status: ((200 OK)) headers: (Content-Type = application/json; charset=utf-8) (Vary = Accept-Encoding) (Cache-Control = max-age=179) (Date = Fri, 28 Nov 2025 00:57:04 GMT) (Connection = keep-alive) (Access-Control-Allow-Origin = *)   number of entries: 0
  total: 0
  vendor: 1
  model: related
  updated: 1764291303, 28 Nov 2025 11:55:03 AEDT, 28 Nov 2025 00:55:03 UTC
~ 'https://api.stan.com.au/rec/v1/related?genres=Sport%2CFootball&maxRating=PG&source=5486795&started=true'
  status: ((200 OK)) headers: (Content-Type = application/json; charset=utf-8) (Vary = Accept-Encoding) (Cache-Control = max-age=164) (Date = Fri, 28 Nov 2025 00:57:19 GMT) (Connection = keep-alive) (Access-Control-Allow-Origin = *)   number of entries: 0
  total: 0
  vendor: 1
  model: related
  updated: 1764291303, 28 Nov 2025 11:55:03 AEDT, 28 Nov 2025 00:55:03 UTC
~ 'https://api.stan.com.au/rec/v1/related?genres=Sport%2CFootball&maxRating=PG&source=5486795&started=true'
  status: ((200 OK)) headers: (Content-Type = application/json; charset=utf-8) (Vary = Accept-Encoding) (Cache-Control = max-age=149) (Date = Fri, 28 Nov 2025 00:57:34 GMT) (Connection = keep-alive) (Access-Control-Allow-Origin = *)   number of entries: 0
  total: 0
  vendor: 1
  model: related
  updated: 1764291303, 28 Nov 2025 11:55:03 AEDT, 28 Nov 2025 00:55:03 UTC
~ 'https://api.stan.com.au/rec/v1/related?genres=Sport%2CFootball&maxRating=PG&source=5486795&started=true'
  status: ((200 OK)) headers: (Content-Type = application/json; charset=utf-8) (Vary = Accept-Encoding) (Cache-Control = max-age=134) (Date = Fri, 28 Nov 2025 00:57:49 GMT) (Connection = keep-alive) (Access-Control-Allow-Origin = *)   number of entries: 0
  total: 0
  vendor: 1
  model: related
  updated: 1764291303, 28 Nov 2025 11:55:03 AEDT, 28 Nov 2025 00:55:03 UTC
~ 'https://api.stan.com.au/rec/v1/related?genres=Sport%2CFootball&maxRating=PG&source=5486795&started=true'
  status: ((200 OK)) headers: (Content-Type = application/json; charset=utf-8) (Vary = Accept-Encoding) (Cache-Control = max-age=119) (Date = Fri, 28 Nov 2025 00:58:04 GMT) (Connection = keep-alive) (Access-Control-Allow-Origin = *)   number of entries: 0
  total: 0
  vendor: 1
  model: related
  updated: 1764291303, 28 Nov 2025 11:55:03 AEDT, 28 Nov 2025 00:55:03 UTC
~ 'https://api.stan.com.au/rec/v1/related?genres=Sport%2CFootball&maxRating=PG&source=5486795&started=true'
  status: ((200 OK)) headers: (Content-Type = application/json; charset=utf-8) (Vary = Accept-Encoding) (Cache-Control = max-age=104) (Date = Fri, 28 Nov 2025 00:58:19 GMT) (Connection = keep-alive) (Access-Control-Allow-Origin = *)   number of entries: 0
  total: 0
  vendor: 1
  model: related
  updated: 1764291303, 28 Nov 2025 11:55:03 AEDT, 28 Nov 2025 00:55:03 UTC
~ 'https://api.stan.com.au/rec/v1/related?genres=Sport%2CFootball&maxRating=PG&source=5486795&started=true'
  status: ((200 OK)) headers: (Content-Type = application/json; charset=utf-8) (Vary = Accept-Encoding) (Cache-Control = max-age=89) (Date = Fri, 28 Nov 2025 00:58:34 GMT) (Connection = keep-alive) (Access-Control-Allow-Origin = *)   number of entries: 0
  total: 0
  vendor: 1
  model: related
  updated: 1764291303, 28 Nov 2025 11:55:03 AEDT, 28 Nov 2025 00:55:03 UTC
~ 'https://api.stan.com.au/rec/v1/related?genres=Sport%2CFootball&maxRating=PG&source=5486795&started=true'
  status: ((200 OK)) headers: (Content-Type = application/json; charset=utf-8) (Vary = Accept-Encoding) (Cache-Control = max-age=74) (Date = Fri, 28 Nov 2025 00:58:49 GMT) (Connection = keep-alive) (Access-Control-Allow-Origin = *)   number of entries: 0
  total: 0
  vendor: 1
  model: related
  updated: 1764291303, 28 Nov 2025 11:55:03 AEDT, 28 Nov 2025 00:55:03 UTC
~ 'https://api.stan.com.au/rec/v1/related?genres=Sport%2CFootball&maxRating=PG&source=5486795&started=true'
  status: ((200 OK)) headers: (Content-Type = application/json; charset=utf-8) (Vary = Accept-Encoding) (Cache-Control = max-age=59) (Date = Fri, 28 Nov 2025 00:59:04 GMT) (Connection = keep-alive) (Access-Control-Allow-Origin = *)   number of entries: 0
  total: 0
  vendor: 1
  model: related
  updated: 1764291303, 28 Nov 2025 11:55:03 AEDT, 28 Nov 2025 00:55:03 UTC
~ 'https://api.stan.com.au/rec/v1/related?genres=Sport%2CFootball&maxRating=PG&source=5486795&started=true'
  status: ((200 OK)) headers: (Content-Type = application/json; charset=utf-8) (Vary = Accept-Encoding) (Cache-Control = max-age=44) (Date = Fri, 28 Nov 2025 00:59:19 GMT) (Connection = keep-alive) (Access-Control-Allow-Origin = *)   number of entries: 0
  total: 0
  vendor: 1
  model: related
  updated: 1764291303, 28 Nov 2025 11:55:03 AEDT, 28 Nov 2025 00:55:03 UTC
~ 'https://api.stan.com.au/rec/v1/related?genres=Sport%2CFootball&maxRating=PG&source=5486795&started=true'
  status: ((200 OK)) headers: (Content-Type = application/json; charset=utf-8) (Vary = Accept-Encoding) (Cache-Control = max-age=29) (Date = Fri, 28 Nov 2025 00:59:34 GMT) (Connection = keep-alive) (Access-Control-Allow-Origin = *)   number of entries: 0
  total: 0
  vendor: 1
  model: related
  updated: 1764291303, 28 Nov 2025 11:55:03 AEDT, 28 Nov 2025 00:55:03 UTC
~ 'https://api.stan.com.au/rec/v1/related?genres=Sport%2CFootball&maxRating=PG&source=5486795&started=true'
  status: ((200 OK)) headers: (Content-Type = application/json; charset=utf-8) (Vary = Accept-Encoding) (Cache-Control = max-age=14) (Date = Fri, 28 Nov 2025 00:59:49 GMT) (Connection = keep-alive) (Access-Control-Allow-Origin = *)   number of entries: 0
  total: 0
  vendor: 1
  model: related
  updated: 1764291303, 28 Nov 2025 11:55:03 AEDT, 28 Nov 2025 00:55:03 UTC
~ 'https://api.stan.com.au/rec/v1/related?genres=Sport%2CFootball&maxRating=PG&source=5486795&started=true'
  status: ((200 OK)) headers: (Content-Type = application/json; charset=utf-8) (Vary = Accept-Encoding) (Cache-Control = max-age=300) (Date = Fri, 28 Nov 2025 01:00:04 GMT) (Connection = keep-alive) (Access-Control-Allow-Origin = *) ~ '  body has changed'
  number of entries: 0
  total: 0
  vendor: 1
  model: related
  updated: 1764291604, 28 Nov 2025 12:00:04 AEDT, 28 Nov 2025 01:00:04 UTC
~ 'https://api.stan.com.au/rec/v1/related?genres=Sport%2CFootball&maxRating=PG&source=5486795&started=true'
  status: ((200 OK)) headers: (Content-Type = application/json; charset=utf-8) (Vary = Accept-Encoding) (Cache-Control = max-age=285) (Date = Fri, 28 Nov 2025 01:00:19 GMT) (Connection = keep-alive) (Access-Control-Allow-Origin = *)   number of entries: 0
  total: 0
  vendor: 1
  model: related
  updated: 1764291604, 28 Nov 2025 12:00:04 AEDT, 28 Nov 2025 01:00:04 UTC
~ 'https://api.stan.com.au/rec/v1/related?genres=Sport%2CFootball&maxRating=PG&source=5486795&started=true'
  status: ((200 OK)) headers: (Content-Type = application/json; charset=utf-8) (Vary = Accept-Encoding) (Cache-Control = max-age=270) (Date = Fri, 28 Nov 2025 01:00:34 GMT) (Connection = keep-alive) (Access-Control-Allow-Origin = *)   number of entries: 0
  total: 0
  vendor: 1
  model: related
  updated: 1764291604, 28 Nov 2025 12:00:04 AEDT, 28 Nov 2025 01:00:04 UTC
~ 'https://api.stan.com.au/rec/v1/related?genres=Sport%2CFootball&maxRating=PG&source=5486795&started=true'
  status: ((200 OK)) headers: (Content-Type = application/json; charset=utf-8) (Vary = Accept-Encoding) (Cache-Control = max-age=254) (Date = Fri, 28 Nov 2025 01:00:50 GMT) (Connection = keep-alive) (Access-Control-Allow-Origin = *)   number of entries: 0
  total: 0
  vendor: 1
  model: related
  updated: 1764291604, 28 Nov 2025 12:00:04 AEDT, 28 Nov 2025 01:00:04 UTC
~ 'https://api.stan.com.au/rec/v1/related?genres=Sport%2CFootball&maxRating=PG&source=5486795&started=true'
  status: ((200 OK)) headers: (Content-Type = application/json; charset=utf-8) (Vary = Accept-Encoding) (Cache-Control = max-age=239) (Date = Fri, 28 Nov 2025 01:01:05 GMT) (Connection = keep-alive) (Access-Control-Allow-Origin = *)   number of entries: 0
  total: 0
  vendor: 1
  model: related
  updated: 1764291604, 28 Nov 2025 12:00:04 AEDT, 28 Nov 2025 01:00:04 UTC
~ 'https://api.stan.com.au/rec/v1/related?genres=Sport%2CFootball&maxRating=PG&source=5486795&started=true'
  status: ((200 OK)) headers: (Content-Type = application/json; charset=utf-8) (Vary = Accept-Encoding) (Cache-Control = max-age=224) (Date = Fri, 28 Nov 2025 01:01:20 GMT) (Connection = keep-alive) (Access-Control-Allow-Origin = *)   number of entries: 0
  total: 0
  vendor: 1
  model: related
  updated: 1764291604, 28 Nov 2025 12:00:04 AEDT, 28 Nov 2025 01:00:04 UTC
~ 'https://api.stan.com.au/rec/v1/related?genres=Sport%2CFootball&maxRating=PG&source=5486795&started=true'
  status: ((200 OK)) headers: (Content-Type = application/json; charset=utf-8) (Vary = Accept-Encoding) (Cache-Control = max-age=209) (Date = Fri, 28 Nov 2025 01:01:35 GMT) (Connection = keep-alive) (Access-Control-Allow-Origin = *)   number of entries: 0
  total: 0
  vendor: 1
  model: related
  updated: 1764291604, 28 Nov 2025 12:00:04 AEDT, 28 Nov 2025 01:00:04 UTC
~ 'https://api.stan.com.au/rec/v1/related?genres=Sport%2CFootball&maxRating=PG&source=5486795&started=true'
  status: ((200 OK)) headers: (Content-Type = application/json; charset=utf-8) (Vary = Accept-Encoding) (Cache-Control = max-age=194) (Date = Fri, 28 Nov 2025 01:01:50 GMT) (Connection = keep-alive) (Access-Control-Allow-Origin = *)   number of entries: 0
  total: 0
  vendor: 1
  model: related
  updated: 1764291604, 28 Nov 2025 12:00:04 AEDT, 28 Nov 2025 01:00:04 UTC
~ 'https://api.stan.com.au/rec/v1/related?genres=Sport%2CFootball&maxRating=PG&source=5486795&started=true'
  status: ((200 OK)) headers: (Content-Type = application/json; charset=utf-8) (Vary = Accept-Encoding) (Cache-Control = max-age=179) (Date = Fri, 28 Nov 2025 01:02:05 GMT) (Connection = keep-alive) (Access-Control-Allow-Origin = *)   number of entries: 0
  total: 0
  vendor: 1
  model: related
  updated: 1764291604, 28 Nov 2025 12:00:04 AEDT, 28 Nov 2025 01:00:04 UTC
~ 'https://api.stan.com.au/rec/v1/related?genres=Sport%2CFootball&maxRating=PG&source=5486795&started=true'
  status: ((200 OK)) headers: (Content-Type = application/json; charset=utf-8) (Vary = Accept-Encoding) (Cache-Control = max-age=164) (Date = Fri, 28 Nov 2025 01:02:20 GMT) (Connection = keep-alive) (Access-Control-Allow-Origin = *)   number of entries: 0
  total: 0
  vendor: 1
  model: related
  updated: 1764291604, 28 Nov 2025 12:00:04 AEDT, 28 Nov 2025 01:00:04 UTC
~ 'https://api.stan.com.au/rec/v1/related?genres=Sport%2CFootball&maxRating=PG&source=5486795&started=true'
  status: ((200 OK)) headers: (Content-Type = application/json; charset=utf-8) (Vary = Accept-Encoding) (Cache-Control = max-age=149) (Date = Fri, 28 Nov 2025 01:02:35 GMT) (Connection = keep-alive) (Access-Control-Allow-Origin = *)   number of entries: 0
  total: 0
  vendor: 1
  model: related
  updated: 1764291604, 28 Nov 2025 12:00:04 AEDT, 28 Nov 2025 01:00:04 UTC
~ 'https://api.stan.com.au/rec/v1/related?genres=Sport%2CFootball&maxRating=PG&source=5486795&started=true'
  status: ((200 OK)) headers: (Content-Type = application/json; charset=utf-8) (Vary = Accept-Encoding) (Cache-Control = max-age=134) (Date = Fri, 28 Nov 2025 01:02:50 GMT) (Connection = keep-alive) (Access-Control-Allow-Origin = *)   number of entries: 0
  total: 0
  vendor: 1
  model: related
  updated: 1764291604, 28 Nov 2025 12:00:04 AEDT, 28 Nov 2025 01:00:04 UTC
~ 'https://api.stan.com.au/rec/v1/related?genres=Sport%2CFootball&maxRating=PG&source=5486795&started=true'
  status: ((200 OK)) headers: (Content-Type = application/json; charset=utf-8) (Vary = Accept-Encoding) (Cache-Control = max-age=119) (Date = Fri, 28 Nov 2025 01:03:05 GMT) (Connection = keep-alive) (Access-Control-Allow-Origin = *)   number of entries: 0
  total: 0
  vendor: 1
  model: related
  updated: 1764291604, 28 Nov 2025 12:00:04 AEDT, 28 Nov 2025 01:00:04 UTC
~ 'https://api.stan.com.au/rec/v1/related?genres=Sport%2CFootball&maxRating=PG&source=5486795&started=true'
  status: ((200 OK)) headers: (Content-Type = application/json; charset=utf-8) (Vary = Accept-Encoding) (Cache-Control = max-age=104) (Date = Fri, 28 Nov 2025 01:03:20 GMT) (Connection = keep-alive) (Access-Control-Allow-Origin = *)   number of entries: 0
  total: 0
  vendor: 1
  model: related
  updated: 1764291604, 28 Nov 2025 12:00:04 AEDT, 28 Nov 2025 01:00:04 UTC
~ 'https://api.stan.com.au/rec/v1/related?genres=Sport%2CFootball&maxRating=PG&source=5486795&started=true'
  status: ((200 OK)) headers: (Content-Type = application/json; charset=utf-8) (Vary = Accept-Encoding) (Cache-Control = max-age=89) (Date = Fri, 28 Nov 2025 01:03:35 GMT) (Connection = keep-alive) (Access-Control-Allow-Origin = *)   number of entries: 0
  total: 0
  vendor: 1
  model: related
  updated: 1764291604, 28 Nov 2025 12:00:04 AEDT, 28 Nov 2025 01:00:04 UTC
~ 'https://api.stan.com.au/rec/v1/related?genres=Sport%2CFootball&maxRating=PG&source=5486795&started=true'
  status: ((200 OK)) headers: (Content-Type = application/json; charset=utf-8) (Vary = Accept-Encoding) (Cache-Control = max-age=74) (Date = Fri, 28 Nov 2025 01:03:50 GMT) (Connection = keep-alive) (Access-Control-Allow-Origin = *)   number of entries: 0
  total: 0
  vendor: 1
  model: related
  updated: 1764291604, 28 Nov 2025 12:00:04 AEDT, 28 Nov 2025 01:00:04 UTC
~ 'https://api.stan.com.au/rec/v1/related?genres=Sport%2CFootball&maxRating=PG&source=5486795&started=true'
  status: ((200 OK)) headers: (Content-Type = application/json; charset=utf-8) (Vary = Accept-Encoding) (Cache-Control = max-age=59) (Date = Fri, 28 Nov 2025 01:04:05 GMT) (Connection = keep-alive) (Access-Control-Allow-Origin = *)   number of entries: 0
  total: 0
  vendor: 1
  model: related
  updated: 1764291604, 28 Nov 2025 12:00:04 AEDT, 28 Nov 2025 01:00:04 UTC
~ 'https://api.stan.com.au/rec/v1/related?genres=Sport%2CFootball&maxRating=PG&source=5486795&started=true'
  status: ((200 OK)) headers: (Content-Type = application/json; charset=utf-8) (Vary = Accept-Encoding) (Cache-Control = max-age=44) (Date = Fri, 28 Nov 2025 01:04:20 GMT) (Connection = keep-alive) (Access-Control-Allow-Origin = *)   number of entries: 0
  total: 0
  vendor: 1
  model: related
  updated: 1764291604, 28 Nov 2025 12:00:04 AEDT, 28 Nov 2025 01:00:04 UTC
~ 'https://api.stan.com.au/rec/v1/related?genres=Sport%2CFootball&maxRating=PG&source=5486795&started=true'
  status: ((200 OK)) headers: (Content-Type = application/json; charset=utf-8) (Vary = Accept-Encoding) (Cache-Control = max-age=29) (Date = Fri, 28 Nov 2025 01:04:35 GMT) (Connection = keep-alive) (Access-Control-Allow-Origin = *)   number of entries: 0
  total: 0
  vendor: 1
  model: related
  updated: 1764291604, 28 Nov 2025 12:00:04 AEDT, 28 Nov 2025 01:00:04 UTC
~ 'https://api.stan.com.au/rec/v1/related?genres=Sport%2CFootball&maxRating=PG&source=5486795&started=true'
  status: ((200 OK)) headers: (Content-Type = application/json; charset=utf-8) (Vary = Accept-Encoding) (Cache-Control = max-age=13) (Date = Fri, 28 Nov 2025 01:04:51 GMT) (Connection = keep-alive) (Access-Control-Allow-Origin = *)   number of entries: 0
  total: 0
  vendor: 1
  model: related
  updated: 1764291604, 28 Nov 2025 12:00:04 AEDT, 28 Nov 2025 01:00:04 UTC
~ 'https://api.stan.com.au/rec/v1/related?genres=Sport%2CFootball&maxRating=PG&source=5486795&started=true'
  status: ((200 OK)) headers: (Content-Type = application/json; charset=utf-8) (Vary = Accept-Encoding) (Cache-Control = max-age=300) (Date = Fri, 28 Nov 2025 01:05:06 GMT) (Connection = keep-alive) (Access-Control-Allow-Origin = *) ~ '  body has changed'
  number of entries: 0
  total: 0
  vendor: 1
  model: related
  updated: 1764291906, 28 Nov 2025 12:05:06 AEDT, 28 Nov 2025 01:05:06 UTC
~ 'https://api.stan.com.au/rec/v1/related?genres=Sport%2CFootball&maxRating=PG&source=5486795&started=true'
  status: ((200 OK)) headers: (Content-Type = application/json; charset=utf-8) (Vary = Accept-Encoding) (Cache-Control = max-age=285) (Date = Fri, 28 Nov 2025 01:05:21 GMT) (Connection = keep-alive) (Access-Control-Allow-Origin = *)   number of entries: 0
  total: 0
  vendor: 1
  model: related
  updated: 1764291906, 28 Nov 2025 12:05:06 AEDT, 28 Nov 2025 01:05:06 UTC
~ 'https://api.stan.com.au/rec/v1/related?genres=Sport%2CFootball&maxRating=PG&source=5486795&started=true'
  status: ((200 OK)) headers: (Content-Type = application/json; charset=utf-8) (Vary = Accept-Encoding) (Cache-Control = max-age=270) (Date = Fri, 28 Nov 2025 01:05:36 GMT) (Connection = keep-alive) (Access-Control-Allow-Origin = *)   number of entries: 0
  total: 0
  vendor: 1
  model: related
  updated: 1764291906, 28 Nov 2025 12:05:06 AEDT, 28 Nov 2025 01:05:06 UTC
~ 'https://api.stan.com.au/rec/v1/related?genres=Sport%2CFootball&maxRating=PG&source=5486795&started=true'
  status: ((200 OK)) headers: (Content-Type = application/json; charset=utf-8) (Vary = Accept-Encoding) (Cache-Control = max-age=255) (Date = Fri, 28 Nov 2025 01:05:51 GMT) (Connection = keep-alive) (Access-Control-Allow-Origin = *)   number of entries: 0
  total: 0
  vendor: 1
  model: related
  updated: 1764291906, 28 Nov 2025 12:05:06 AEDT, 28 Nov 2025 01:05:06 UTC
~ 'https://api.stan.com.au/rec/v1/related?genres=Sport%2CFootball&maxRating=PG&source=5486795&started=true'
  status: ((200 OK)) headers: (Content-Type = application/json; charset=utf-8) (Vary = Accept-Encoding) (Cache-Control = max-age=240) (Date = Fri, 28 Nov 2025 01:06:06 GMT) (Connection = keep-alive) (Access-Control-Allow-Origin = *)   number of entries: 0
  total: 0
  vendor: 1
  model: related
  updated: 1764291906, 28 Nov 2025 12:05:06 AEDT, 28 Nov 2025 01:05:06 UTC
~ 'https://api.stan.com.au/rec/v1/related?genres=Sport%2CFootball&maxRating=PG&source=5486795&started=true'
  status: ((200 OK)) headers: (Content-Type = application/json; charset=utf-8) (Vary = Accept-Encoding) (Cache-Control = max-age=225) (Date = Fri, 28 Nov 2025 01:06:21 GMT) (Connection = keep-alive) (Access-Control-Allow-Origin = *)   number of entries: 0
  total: 0
  vendor: 1
  model: related
  updated: 1764291906, 28 Nov 2025 12:05:06 AEDT, 28 Nov 2025 01:05:06 UTC
~ 'https://api.stan.com.au/rec/v1/related?genres=Sport%2CFootball&maxRating=PG&source=5486795&started=true'
  status: ((200 OK)) headers: (Content-Type = application/json; charset=utf-8) (Vary = Accept-Encoding) (Cache-Control = max-age=210) (Date = Fri, 28 Nov 2025 01:06:36 GMT) (Connection = keep-alive) (Access-Control-Allow-Origin = *)   number of entries: 0
  total: 0
  vendor: 1
  model: related
  updated: 1764291906, 28 Nov 2025 12:05:06 AEDT, 28 Nov 2025 01:05:06 UTC
~ 'https://api.stan.com.au/rec/v1/related?genres=Sport%2CFootball&maxRating=PG&source=5486795&started=true'
  status: ((200 OK)) headers: (Content-Type = application/json; charset=utf-8) (Vary = Accept-Encoding) (Cache-Control = max-age=195) (Date = Fri, 28 Nov 2025 01:06:51 GMT) (Connection = keep-alive) (Access-Control-Allow-Origin = *)   number of entries: 0
  total: 0
  vendor: 1
  model: related
  updated: 1764291906, 28 Nov 2025 12:05:06 AEDT, 28 Nov 2025 01:05:06 UTC
~ 'https://api.stan.com.au/rec/v1/related?genres=Sport%2CFootball&maxRating=PG&source=5486795&started=true'
  status: ((200 OK)) headers: (Content-Type = application/json; charset=utf-8) (Vary = Accept-Encoding) (Cache-Control = max-age=180) (Date = Fri, 28 Nov 2025 01:07:06 GMT) (Connection = keep-alive) (Access-Control-Allow-Origin = *)   number of entries: 0
  total: 0
  vendor: 1
  model: related
  updated: 1764291906, 28 Nov 2025 12:05:06 AEDT, 28 Nov 2025 01:05:06 UTC
~ 'https://api.stan.com.au/rec/v1/related?genres=Sport%2CFootball&maxRating=PG&source=5486795&started=true'
  status: ((200 OK)) headers: (Content-Type = application/json; charset=utf-8) (Vary = Accept-Encoding) (Cache-Control = max-age=165) (Date = Fri, 28 Nov 2025 01:07:21 GMT) (Connection = keep-alive) (Access-Control-Allow-Origin = *)   number of entries: 0
  total: 0
  vendor: 1
  model: related
  updated: 1764291906, 28 Nov 2025 12:05:06 AEDT, 28 Nov 2025 01:05:06 UTC
~ 'https://api.stan.com.au/rec/v1/related?genres=Sport%2CFootball&maxRating=PG&source=5486795&started=true'
  status: ((200 OK)) headers: (Content-Type = application/json; charset=utf-8) (Vary = Accept-Encoding) (Cache-Control = max-age=150) (Date = Fri, 28 Nov 2025 01:07:36 GMT) (Connection = keep-alive) (Access-Control-Allow-Origin = *)   number of entries: 0
  total: 0
  vendor: 1
  model: related
  updated: 1764291906, 28 Nov 2025 12:05:06 AEDT, 28 Nov 2025 01:05:06 UTC
~ 'https://api.stan.com.au/rec/v1/related?genres=Sport%2CFootball&maxRating=PG&source=5486795&started=true'
  status: ((200 OK)) headers: (Content-Type = application/json; charset=utf-8) (Vary = Accept-Encoding) (Cache-Control = max-age=135) (Date = Fri, 28 Nov 2025 01:07:51 GMT) (Connection = keep-alive) (Access-Control-Allow-Origin = *)   number of entries: 0
  total: 0
  vendor: 1
  model: related
  updated: 1764291906, 28 Nov 2025 12:05:06 AEDT, 28 Nov 2025 01:05:06 UTC
~ 'https://api.stan.com.au/rec/v1/related?genres=Sport%2CFootball&maxRating=PG&source=5486795&started=true'
  status: ((200 OK)) headers: (Content-Type = application/json; charset=utf-8) (Vary = Accept-Encoding) (Cache-Control = max-age=120) (Date = Fri, 28 Nov 2025 01:08:06 GMT) (Connection = keep-alive) (Access-Control-Allow-Origin = *)   number of entries: 0
  total: 0
  vendor: 1
  model: related
  updated: 1764291906, 28 Nov 2025 12:05:06 AEDT, 28 Nov 2025 01:05:06 UTC
~ 'https://api.stan.com.au/rec/v1/related?genres=Sport%2CFootball&maxRating=PG&source=5486795&started=true'
  status: ((200 OK)) headers: (Content-Type = application/json; charset=utf-8) (Vary = Accept-Encoding) (Cache-Control = max-age=105) (Date = Fri, 28 Nov 2025 01:08:21 GMT) (Connection = keep-alive) (Access-Control-Allow-Origin = *)   number of entries: 0
  total: 0
  vendor: 1
  model: related
  updated: 1764291906, 28 Nov 2025 12:05:06 AEDT, 28 Nov 2025 01:05:06 UTC
~ 'https://api.stan.com.au/rec/v1/related?genres=Sport%2CFootball&maxRating=PG&source=5486795&started=true'
  status: ((200 OK)) headers: (Content-Type = application/json; charset=utf-8) (Vary = Accept-Encoding) (Cache-Control = max-age=90) (Date = Fri, 28 Nov 2025 01:08:36 GMT) (Connection = keep-alive) (Access-Control-Allow-Origin = *)   number of entries: 0
  total: 0
  vendor: 1
  model: related
  updated: 1764291906, 28 Nov 2025 12:05:06 AEDT, 28 Nov 2025 01:05:06 UTC
~ 'https://api.stan.com.au/rec/v1/related?genres=Sport%2CFootball&maxRating=PG&source=5486795&started=true'
  status: ((200 OK)) headers: (Content-Type = application/json; charset=utf-8) (Vary = Accept-Encoding) (Cache-Control = max-age=74) (Date = Fri, 28 Nov 2025 01:08:52 GMT) (Connection = keep-alive) (Access-Control-Allow-Origin = *)   number of entries: 0
  total: 0
  vendor: 1
  model: related
  updated: 1764291906, 28 Nov 2025 12:05:06 AEDT, 28 Nov 2025 01:05:06 UTC
~ 'https://api.stan.com.au/rec/v1/related?genres=Sport%2CFootball&maxRating=PG&source=5486795&started=true'
  status: ((200 OK)) headers: (Content-Type = application/json; charset=utf-8) (Vary = Accept-Encoding) (Cache-Control = max-age=59) (Date = Fri, 28 Nov 2025 01:09:07 GMT) (Connection = keep-alive) (Access-Control-Allow-Origin = *)   number of entries: 0
  total: 0
  vendor: 1
  model: related
  updated: 1764291906, 28 Nov 2025 12:05:06 AEDT, 28 Nov 2025 01:05:06 UTC
~ 'https://api.stan.com.au/rec/v1/related?genres=Sport%2CFootball&maxRating=PG&source=5486795&started=true'
  status: ((200 OK)) headers: (Content-Type = application/json; charset=utf-8) (Vary = Accept-Encoding) (Cache-Control = max-age=44) (Date = Fri, 28 Nov 2025 01:09:22 GMT) (Connection = keep-alive) (Access-Control-Allow-Origin = *)   number of entries: 0
  total: 0
  vendor: 1
  model: related
  updated: 1764291906, 28 Nov 2025 12:05:06 AEDT, 28 Nov 2025 01:05:06 UTC
~ 'https://api.stan.com.au/rec/v1/related?genres=Sport%2CFootball&maxRating=PG&source=5486795&started=true'
  status: ((200 OK)) headers: (Content-Type = application/json; charset=utf-8) (Vary = Accept-Encoding) (Cache-Control = max-age=29) (Date = Fri, 28 Nov 2025 01:09:37 GMT) (Connection = keep-alive) (Access-Control-Allow-Origin = *)   number of entries: 0
  total: 0
  vendor: 1
  model: related
  updated: 1764291906, 28 Nov 2025 12:05:06 AEDT, 28 Nov 2025 01:05:06 UTC
~ 'https://api.stan.com.au/rec/v1/related?genres=Sport%2CFootball&maxRating=PG&source=5486795&started=true'
  status: ((200 OK)) headers: (Content-Type = application/json; charset=utf-8) (Vary = Accept-Encoding) (Cache-Control = max-age=14) (Date = Fri, 28 Nov 2025 01:09:52 GMT) (Connection = keep-alive) (Access-Control-Allow-Origin = *)   number of entries: 0
  total: 0
  vendor: 1
  model: related
  updated: 1764291906, 28 Nov 2025 12:05:06 AEDT, 28 Nov 2025 01:05:06 UTC
~ 'https://api.stan.com.au/rec/v1/related?genres=Sport%2CFootball&maxRating=PG&source=5486795&started=true'
  status: ((200 OK)) headers: (Content-Type = application/json; charset=utf-8) (Vary = Accept-Encoding) (Cache-Control = max-age=300) (Date = Fri, 28 Nov 2025 01:10:07 GMT) (Connection = keep-alive) (Access-Control-Allow-Origin = *) ~ '  body has changed'
  number of entries: 0
  total: 0
  vendor: 1
  model: related
  updated: 1764292207, 28 Nov 2025 12:10:07 AEDT, 28 Nov 2025 01:10:07 UTC
~ 'https://api.stan.com.au/rec/v1/related?genres=Sport%2CFootball&maxRating=PG&source=5486795&started=true'
  status: ((200 OK)) headers: (Content-Type = application/json; charset=utf-8) (Vary = Accept-Encoding) (Cache-Control = max-age=285) (Date = Fri, 28 Nov 2025 01:10:22 GMT) (Connection = keep-alive) (Access-Control-Allow-Origin = *)   number of entries: 0
  total: 0
  vendor: 1
  model: related
  updated: 1764292207, 28 Nov 2025 12:10:07 AEDT, 28 Nov 2025 01:10:07 UTC
~ 'https://api.stan.com.au/rec/v1/related?genres=Sport%2CFootball&maxRating=PG&source=5486795&started=true'
  status: ((200 OK)) headers: (Content-Type = application/json; charset=utf-8) (Vary = Accept-Encoding) (Cache-Control = max-age=270) (Date = Fri, 28 Nov 2025 01:10:37 GMT) (Connection = keep-alive) (Access-Control-Allow-Origin = *)   number of entries: 0
  total: 0
  vendor: 1
  model: related
  updated: 1764292207, 28 Nov 2025 12:10:07 AEDT, 28 Nov 2025 01:10:07 UTC
~ 'https://api.stan.com.au/rec/v1/related?genres=Sport%2CFootball&maxRating=PG&source=5486795&started=true'
  status: ((200 OK)) headers: (Content-Type = application/json; charset=utf-8) (Vary = Accept-Encoding) (Cache-Control = max-age=255) (Date = Fri, 28 Nov 2025 01:10:52 GMT) (Connection = keep-alive) (Access-Control-Allow-Origin = *)   number of entries: 0
  total: 0
  vendor: 1
  model: related
  updated: 1764292207, 28 Nov 2025 12:10:07 AEDT, 28 Nov 2025 01:10:07 UTC
~ 'https://api.stan.com.au/rec/v1/related?genres=Sport%2CFootball&maxRating=PG&source=5486795&started=true'
  status: ((200 OK)) headers: (Content-Type = application/json; charset=utf-8) (Vary = Accept-Encoding) (Cache-Control = max-age=240) (Date = Fri, 28 Nov 2025 01:11:07 GMT) (Connection = keep-alive) (Access-Control-Allow-Origin = *)   number of entries: 0
  total: 0
  vendor: 1
  model: related
  updated: 1764292207, 28 Nov 2025 12:10:07 AEDT, 28 Nov 2025 01:10:07 UTC
~ 'https://api.stan.com.au/rec/v1/related?genres=Sport%2CFootball&maxRating=PG&source=5486795&started=true'
  status: ((200 OK)) headers: (Content-Type = application/json; charset=utf-8) (Vary = Accept-Encoding) (Cache-Control = max-age=225) (Date = Fri, 28 Nov 2025 01:11:22 GMT) (Connection = keep-alive) (Access-Control-Allow-Origin = *)   number of entries: 0
  total: 0
  vendor: 1
  model: related
  updated: 1764292207, 28 Nov 2025 12:10:07 AEDT, 28 Nov 2025 01:10:07 UTC
~ 'https://api.stan.com.au/rec/v1/related?genres=Sport%2CFootball&maxRating=PG&source=5486795&started=true'
  status: ((200 OK)) headers: (Content-Type = application/json; charset=utf-8) (Vary = Accept-Encoding) (Cache-Control = max-age=210) (Date = Fri, 28 Nov 2025 01:11:37 GMT) (Connection = keep-alive) (Access-Control-Allow-Origin = *)   number of entries: 0
  total: 0
  vendor: 1
  model: related
  updated: 1764292207, 28 Nov 2025 12:10:07 AEDT, 28 Nov 2025 01:10:07 UTC
~ 'https://api.stan.com.au/rec/v1/related?genres=Sport%2CFootball&maxRating=PG&source=5486795&started=true'
  status: ((200 OK)) headers: (Content-Type = application/json; charset=utf-8) (Vary = Accept-Encoding) (Cache-Control = max-age=195) (Date = Fri, 28 Nov 2025 01:11:52 GMT) (Connection = keep-alive) (Access-Control-Allow-Origin = *)   number of entries: 0
  total: 0
  vendor: 1
  model: related
  updated: 1764292207, 28 Nov 2025 12:10:07 AEDT, 28 Nov 2025 01:10:07 UTC
~ 'https://api.stan.com.au/rec/v1/related?genres=Sport%2CFootball&maxRating=PG&source=5486795&started=true'
  status: ((200 OK)) headers: (Content-Type = application/json; charset=utf-8) (Vary = Accept-Encoding) (Cache-Control = max-age=180) (Date = Fri, 28 Nov 2025 01:12:07 GMT) (Connection = keep-alive) (Access-Control-Allow-Origin = *)   number of entries: 0
  total: 0
  vendor: 1
  model: related
  updated: 1764292207, 28 Nov 2025 12:10:07 AEDT, 28 Nov 2025 01:10:07 UTC
~ 'https://api.stan.com.au/rec/v1/related?genres=Sport%2CFootball&maxRating=PG&source=5486795&started=true'
  status: ((200 OK)) headers: (Content-Type = application/json; charset=utf-8) (Vary = Accept-Encoding) (Cache-Control = max-age=165) (Date = Fri, 28 Nov 2025 01:12:22 GMT) (Connection = keep-alive) (Access-Control-Allow-Origin = *)   number of entries: 0
  total: 0
  vendor: 1
  model: related
  updated: 1764292207, 28 Nov 2025 12:10:07 AEDT, 28 Nov 2025 01:10:07 UTC
~ 'https://api.stan.com.au/rec/v1/related?genres=Sport%2CFootball&maxRating=PG&source=5486795&started=true'
  status: ((200 OK)) headers: (Content-Type = application/json; charset=utf-8) (Vary = Accept-Encoding) (Cache-Control = max-age=149) (Date = Fri, 28 Nov 2025 01:12:38 GMT) (Connection = keep-alive) (Access-Control-Allow-Origin = *)   number of entries: 0
  total: 0
  vendor: 1
  model: related
  updated: 1764292207, 28 Nov 2025 12:10:07 AEDT, 28 Nov 2025 01:10:07 UTC
~ 'https://api.stan.com.au/rec/v1/related?genres=Sport%2CFootball&maxRating=PG&source=5486795&started=true'
  status: ((200 OK)) headers: (Content-Type = application/json; charset=utf-8) (Vary = Accept-Encoding) (Cache-Control = max-age=134) (Date = Fri, 28 Nov 2025 01:12:53 GMT) (Connection = keep-alive) (Access-Control-Allow-Origin = *)   number of entries: 0
  total: 0
  vendor: 1
  model: related
  updated: 1764292207, 28 Nov 2025 12:10:07 AEDT, 28 Nov 2025 01:10:07 UTC
~ 'https://api.stan.com.au/rec/v1/related?genres=Sport%2CFootball&maxRating=PG&source=5486795&started=true'
  status: ((200 OK)) headers: (Content-Type = application/json; charset=utf-8) (Vary = Accept-Encoding) (Cache-Control = max-age=119) (Date = Fri, 28 Nov 2025 01:13:08 GMT) (Connection = keep-alive) (Access-Control-Allow-Origin = *)   number of entries: 0
  total: 0
  vendor: 1
  model: related
  updated: 1764292207, 28 Nov 2025 12:10:07 AEDT, 28 Nov 2025 01:10:07 UTC
~ 'https://api.stan.com.au/rec/v1/related?genres=Sport%2CFootball&maxRating=PG&source=5486795&started=true'
  status: ((200 OK)) headers: (Content-Type = application/json; charset=utf-8) (Vary = Accept-Encoding) (Cache-Control = max-age=104) (Date = Fri, 28 Nov 2025 01:13:23 GMT) (Connection = keep-alive) (Access-Control-Allow-Origin = *)   number of entries: 0
  total: 0
  vendor: 1
  model: related
  updated: 1764292207, 28 Nov 2025 12:10:07 AEDT, 28 Nov 2025 01:10:07 UTC
~ 'https://api.stan.com.au/rec/v1/related?genres=Sport%2CFootball&maxRating=PG&source=5486795&started=true'
  status: ((200 OK)) headers: (Content-Type = application/json; charset=utf-8) (Vary = Accept-Encoding) (Cache-Control = max-age=89) (Date = Fri, 28 Nov 2025 01:13:38 GMT) (Connection = keep-alive) (Access-Control-Allow-Origin = *)   number of entries: 0
  total: 0
  vendor: 1
  model: related
  updated: 1764292207, 28 Nov 2025 12:10:07 AEDT, 28 Nov 2025 01:10:07 UTC
~ 'https://api.stan.com.au/rec/v1/related?genres=Sport%2CFootball&maxRating=PG&source=5486795&started=true'
  status: ((200 OK)) headers: (Content-Type = application/json; charset=utf-8) (Vary = Accept-Encoding) (Cache-Control = max-age=74) (Date = Fri, 28 Nov 2025 01:13:53 GMT) (Connection = keep-alive) (Access-Control-Allow-Origin = *)   number of entries: 0
  total: 0
  vendor: 1
  model: related
  updated: 1764292207, 28 Nov 2025 12:10:07 AEDT, 28 Nov 2025 01:10:07 UTC
~ 'https://api.stan.com.au/rec/v1/related?genres=Sport%2CFootball&maxRating=PG&source=5486795&started=true'
  status: ((200 OK)) headers: (Content-Type = application/json; charset=utf-8) (Vary = Accept-Encoding) (Cache-Control = max-age=59) (Date = Fri, 28 Nov 2025 01:14:08 GMT) (Connection = keep-alive) (Access-Control-Allow-Origin = *)   number of entries: 0
  total: 0
  vendor: 1
  model: related
  updated: 1764292207, 28 Nov 2025 12:10:07 AEDT, 28 Nov 2025 01:10:07 UTC
~ 'https://api.stan.com.au/rec/v1/related?genres=Sport%2CFootball&maxRating=PG&source=5486795&started=true'
  status: ((200 OK)) headers: (Content-Type = application/json; charset=utf-8) (Vary = Accept-Encoding) (Cache-Control = max-age=44) (Date = Fri, 28 Nov 2025 01:14:23 GMT) (Connection = keep-alive) (Access-Control-Allow-Origin = *)   number of entries: 0
  total: 0
  vendor: 1
  model: related
  updated: 1764292207, 28 Nov 2025 12:10:07 AEDT, 28 Nov 2025 01:10:07 UTC
~ 'https://api.stan.com.au/rec/v1/related?genres=Sport%2CFootball&maxRating=PG&source=5486795&started=true'
  status: ((200 OK)) headers: (Content-Type = application/json; charset=utf-8) (Vary = Accept-Encoding) (Cache-Control = max-age=29) (Date = Fri, 28 Nov 2025 01:14:38 GMT) (Connection = keep-alive) (Access-Control-Allow-Origin = *)   number of entries: 0
  total: 0
  vendor: 1
  model: related
  updated: 1764292207, 28 Nov 2025 12:10:07 AEDT, 28 Nov 2025 01:10:07 UTC
~ 'https://api.stan.com.au/rec/v1/related?genres=Sport%2CFootball&maxRating=PG&source=5486795&started=true'
  status: ((200 OK)) headers: (Content-Type = application/json; charset=utf-8) (Vary = Accept-Encoding) (Cache-Control = max-age=14) (Date = Fri, 28 Nov 2025 01:14:53 GMT) (Connection = keep-alive) (Access-Control-Allow-Origin = *)   number of entries: 0
  total: 0
  vendor: 1
  model: related
  updated: 1764292207, 28 Nov 2025 12:10:07 AEDT, 28 Nov 2025 01:10:07 UTC
~ 'https://api.stan.com.au/rec/v1/related?genres=Sport%2CFootball&maxRating=PG&source=5486795&started=true'
  status: ((200 OK)) headers: (Content-Type = application/json; charset=utf-8) (Vary = Accept-Encoding) (Cache-Control = max-age=300) (Date = Fri, 28 Nov 2025 01:15:08 GMT) (Connection = keep-alive) (Access-Control-Allow-Origin = *) ~ '  body has changed'
  number of entries: 0
  total: 0
  vendor: 1
  model: related
  updated: 1764292508, 28 Nov 2025 12:15:08 AEDT, 28 Nov 2025 01:15:08 UTC
~ 'https://api.stan.com.au/rec/v1/related?genres=Sport%2CFootball&maxRating=PG&source=5486795&started=true'
  status: ((200 OK)) headers: (Content-Type = application/json; charset=utf-8) (Vary = Accept-Encoding) (Cache-Control = max-age=285) (Date = Fri, 28 Nov 2025 01:15:23 GMT) (Connection = keep-alive) (Access-Control-Allow-Origin = *)   number of entries: 0
  total: 0
  vendor: 1
  model: related
  updated: 1764292508, 28 Nov 2025 12:15:08 AEDT, 28 Nov 2025 01:15:08 UTC
~ 'https://api.stan.com.au/rec/v1/related?genres=Sport%2CFootball&maxRating=PG&source=5486795&started=true'
  status: ((200 OK)) headers: (Content-Type = application/json; charset=utf-8) (Vary = Accept-Encoding) (Cache-Control = max-age=269) (Date = Fri, 28 Nov 2025 01:15:39 GMT) (Connection = keep-alive) (Access-Control-Allow-Origin = *)   number of entries: 0
  total: 0
  vendor: 1
  model: related
  updated: 1764292508, 28 Nov 2025 12:15:08 AEDT, 28 Nov 2025 01:15:08 UTC
~ 'https://api.stan.com.au/rec/v1/related?genres=Sport%2CFootball&maxRating=PG&source=5486795&started=true'
  status: ((200 OK)) headers: (Content-Type = application/json; charset=utf-8) (Vary = Accept-Encoding) (Cache-Control = max-age=254) (Date = Fri, 28 Nov 2025 01:15:54 GMT) (Connection = keep-alive) (Access-Control-Allow-Origin = *)   number of entries: 0
  total: 0
  vendor: 1
  model: related
  updated: 1764292508, 28 Nov 2025 12:15:08 AEDT, 28 Nov 2025 01:15:08 UTC
~ 'https://api.stan.com.au/rec/v1/related?genres=Sport%2CFootball&maxRating=PG&source=5486795&started=true'
  status: ((200 OK)) headers: (Content-Type = application/json; charset=utf-8) (Vary = Accept-Encoding) (Cache-Control = max-age=239) (Date = Fri, 28 Nov 2025 01:16:09 GMT) (Connection = keep-alive) (Access-Control-Allow-Origin = *)   number of entries: 0
  total: 0
  vendor: 1
  model: related
  updated: 1764292508, 28 Nov 2025 12:15:08 AEDT, 28 Nov 2025 01:15:08 UTC
~ 'https://api.stan.com.au/rec/v1/related?genres=Sport%2CFootball&maxRating=PG&source=5486795&started=true'
  status: ((200 OK)) headers: (Content-Type = application/json; charset=utf-8) (Vary = Accept-Encoding) (Cache-Control = max-age=224) (Date = Fri, 28 Nov 2025 01:16:24 GMT) (Connection = keep-alive) (Access-Control-Allow-Origin = *)   number of entries: 0
  total: 0
  vendor: 1
  model: related
  updated: 1764292508, 28 Nov 2025 12:15:08 AEDT, 28 Nov 2025 01:15:08 UTC
~ 'https://api.stan.com.au/rec/v1/related?genres=Sport%2CFootball&maxRating=PG&source=5486795&started=true'
  status: ((200 OK)) headers: (Content-Type = application/json; charset=utf-8) (Vary = Accept-Encoding) (Cache-Control = max-age=209) (Date = Fri, 28 Nov 2025 01:16:39 GMT) (Connection = keep-alive) (Access-Control-Allow-Origin = *)   number of entries: 0
  total: 0
  vendor: 1
  model: related
  updated: 1764292508, 28 Nov 2025 12:15:08 AEDT, 28 Nov 2025 01:15:08 UTC
~ 'https://api.stan.com.au/rec/v1/related?genres=Sport%2CFootball&maxRating=PG&source=5486795&started=true'
  status: ((200 OK)) headers: (Content-Type = application/json; charset=utf-8) (Vary = Accept-Encoding) (Cache-Control = max-age=194) (Date = Fri, 28 Nov 2025 01:16:54 GMT) (Connection = keep-alive) (Access-Control-Allow-Origin = *)   number of entries: 0
  total: 0
  vendor: 1
  model: related
  updated: 1764292508, 28 Nov 2025 12:15:08 AEDT, 28 Nov 2025 01:15:08 UTC
~ 'https://api.stan.com.au/rec/v1/related?genres=Sport%2CFootball&maxRating=PG&source=5486795&started=true'
  status: ((200 OK)) headers: (Content-Type = application/json; charset=utf-8) (Vary = Accept-Encoding) (Cache-Control = max-age=179) (Date = Fri, 28 Nov 2025 01:17:09 GMT) (Connection = keep-alive) (Access-Control-Allow-Origin = *)   number of entries: 0
  total: 0
  vendor: 1
  model: related
  updated: 1764292508, 28 Nov 2025 12:15:08 AEDT, 28 Nov 2025 01:15:08 UTC
~ 'https://api.stan.com.au/rec/v1/related?genres=Sport%2CFootball&maxRating=PG&source=5486795&started=true'
  status: ((200 OK)) headers: (Content-Type = application/json; charset=utf-8) (Vary = Accept-Encoding) (Cache-Control = max-age=164) (Date = Fri, 28 Nov 2025 01:17:24 GMT) (Connection = keep-alive) (Access-Control-Allow-Origin = *)   number of entries: 0
  total: 0
  vendor: 1
  model: related
  updated: 1764292508, 28 Nov 2025 12:15:08 AEDT, 28 Nov 2025 01:15:08 UTC
~ 'https://api.stan.com.au/rec/v1/related?genres=Sport%2CFootball&maxRating=PG&source=5486795&started=true'
  status: ((200 OK)) headers: (Content-Type = application/json; charset=utf-8) (Vary = Accept-Encoding) (Cache-Control = max-age=149) (Date = Fri, 28 Nov 2025 01:17:39 GMT) (Connection = keep-alive) (Access-Control-Allow-Origin = *)   number of entries: 0
  total: 0
  vendor: 1
  model: related
  updated: 1764292508, 28 Nov 2025 12:15:08 AEDT, 28 Nov 2025 01:15:08 UTC
~ 'https://api.stan.com.au/rec/v1/related?genres=Sport%2CFootball&maxRating=PG&source=5486795&started=true'
  status: ((200 OK)) headers: (Content-Type = application/json; charset=utf-8) (Vary = Accept-Encoding) (Cache-Control = max-age=134) (Date = Fri, 28 Nov 2025 01:17:54 GMT) (Connection = keep-alive) (Access-Control-Allow-Origin = *)   number of entries: 0
  total: 0
  vendor: 1
  model: related
  updated: 1764292508, 28 Nov 2025 12:15:08 AEDT, 28 Nov 2025 01:15:08 UTC
~ 'https://api.stan.com.au/rec/v1/related?genres=Sport%2CFootball&maxRating=PG&source=5486795&started=true'
  status: ((200 OK)) headers: (Content-Type = application/json; charset=utf-8) (Vary = Accept-Encoding) (Cache-Control = max-age=119) (Date = Fri, 28 Nov 2025 01:18:09 GMT) (Connection = keep-alive) (Access-Control-Allow-Origin = *)   number of entries: 0
  total: 0
  vendor: 1
  model: related
  updated: 1764292508, 28 Nov 2025 12:15:08 AEDT, 28 Nov 2025 01:15:08 UTC
~ 'https://api.stan.com.au/rec/v1/related?genres=Sport%2CFootball&maxRating=PG&source=5486795&started=true'
  status: ((200 OK)) headers: (Content-Type = application/json; charset=utf-8) (Vary = Accept-Encoding) (Cache-Control = max-age=104) (Date = Fri, 28 Nov 2025 01:18:24 GMT) (Connection = keep-alive) (Access-Control-Allow-Origin = *)   number of entries: 0
  total: 0
  vendor: 1
  model: related
  updated: 1764292508, 28 Nov 2025 12:15:08 AEDT, 28 Nov 2025 01:15:08 UTC
~ 'https://api.stan.com.au/rec/v1/related?genres=Sport%2CFootball&maxRating=PG&source=5486795&started=true'
  status: ((200 OK)) headers: (Content-Type = application/json; charset=utf-8) (Vary = Accept-Encoding) (Cache-Control = max-age=89) (Date = Fri, 28 Nov 2025 01:18:39 GMT) (Connection = keep-alive) (Access-Control-Allow-Origin = *)   number of entries: 0
  total: 0
  vendor: 1
  model: related
  updated: 1764292508, 28 Nov 2025 12:15:08 AEDT, 28 Nov 2025 01:15:08 UTC
~ 'https://api.stan.com.au/rec/v1/related?genres=Sport%2CFootball&maxRating=PG&source=5486795&started=true'
  status: ((200 OK)) headers: (Content-Type = application/json; charset=utf-8) (Vary = Accept-Encoding) (Cache-Control = max-age=74) (Date = Fri, 28 Nov 2025 01:18:54 GMT) (Connection = keep-alive) (Access-Control-Allow-Origin = *)   number of entries: 0
  total: 0
  vendor: 1
  model: related
  updated: 1764292508, 28 Nov 2025 12:15:08 AEDT, 28 Nov 2025 01:15:08 UTC
~ 'https://api.stan.com.au/rec/v1/related?genres=Sport%2CFootball&maxRating=PG&source=5486795&started=true'
  status: ((200 OK)) headers: (Content-Type = application/json; charset=utf-8) (Vary = Accept-Encoding) (Cache-Control = max-age=59) (Date = Fri, 28 Nov 2025 01:19:09 GMT) (Connection = keep-alive) (Access-Control-Allow-Origin = *)   number of entries: 0
  total: 0
  vendor: 1
  model: related
  updated: 1764292508, 28 Nov 2025 12:15:08 AEDT, 28 Nov 2025 01:15:08 UTC
~ 'https://api.stan.com.au/rec/v1/related?genres=Sport%2CFootball&maxRating=PG&source=5486795&started=true'
  status: ((200 OK)) headers: (Content-Type = application/json; charset=utf-8) (Vary = Accept-Encoding) (Cache-Control = max-age=43) (Date = Fri, 28 Nov 2025 01:19:25 GMT) (Connection = keep-alive) (Access-Control-Allow-Origin = *)   number of entries: 0
  total: 0
  vendor: 1
  model: related
  updated: 1764292508, 28 Nov 2025 12:15:08 AEDT, 28 Nov 2025 01:15:08 UTC
~ 'https://api.stan.com.au/rec/v1/related?genres=Sport%2CFootball&maxRating=PG&source=5486795&started=true'
  status: ((200 OK)) headers: (Content-Type = application/json; charset=utf-8) (Vary = Accept-Encoding) (Cache-Control = max-age=28) (Date = Fri, 28 Nov 2025 01:19:40 GMT) (Connection = keep-alive) (Access-Control-Allow-Origin = *)   number of entries: 0
  total: 0
  vendor: 1
  model: related
  updated: 1764292508, 28 Nov 2025 12:15:08 AEDT, 28 Nov 2025 01:15:08 UTC
~ 'https://api.stan.com.au/rec/v1/related?genres=Sport%2CFootball&maxRating=PG&source=5486795&started=true'
  status: ((200 OK)) headers: (Content-Type = application/json; charset=utf-8) (Vary = Accept-Encoding) (Cache-Control = max-age=13) (Date = Fri, 28 Nov 2025 01:19:55 GMT) (Connection = keep-alive) (Access-Control-Allow-Origin = *)   number of entries: 0
  total: 0
  vendor: 1
  model: related
  updated: 1764292508, 28 Nov 2025 12:15:08 AEDT, 28 Nov 2025 01:15:08 UTC
~ 'https://api.stan.com.au/rec/v1/related?genres=Sport%2CFootball&maxRating=PG&source=5486795&started=true'
  status: ((200 OK)) headers: (Content-Type = application/json; charset=utf-8) (Vary = Accept-Encoding) (Cache-Control = max-age=300) (Date = Fri, 28 Nov 2025 01:20:10 GMT) (Connection = keep-alive) (Access-Control-Allow-Origin = *) ~ '  body has changed'
  number of entries: 0
  total: 0
  vendor: 1
  model: related
  updated: 1764292810, 28 Nov 2025 12:20:10 AEDT, 28 Nov 2025 01:20:10 UTC
~ 'https://api.stan.com.au/rec/v1/related?genres=Sport%2CFootball&maxRating=PG&source=5486795&started=true'
  status: ((200 OK)) headers: (Content-Type = application/json; charset=utf-8) (Vary = Accept-Encoding) (Cache-Control = max-age=285) (Date = Fri, 28 Nov 2025 01:20:25 GMT) (Connection = keep-alive) (Access-Control-Allow-Origin = *)   number of entries: 0
  total: 0
  vendor: 1
  model: related
  updated: 1764292810, 28 Nov 2025 12:20:10 AEDT, 28 Nov 2025 01:20:10 UTC
~ 'https://api.stan.com.au/rec/v1/related?genres=Sport%2CFootball&maxRating=PG&source=5486795&started=true'
  status: ((200 OK)) headers: (Content-Type = application/json; charset=utf-8) (Vary = Accept-Encoding) (Cache-Control = max-age=270) (Date = Fri, 28 Nov 2025 01:20:40 GMT) (Connection = keep-alive) (Access-Control-Allow-Origin = *)   number of entries: 0
  total: 0
  vendor: 1
  model: related
  updated: 1764292810, 28 Nov 2025 12:20:10 AEDT, 28 Nov 2025 01:20:10 UTC
~ 'https://api.stan.com.au/rec/v1/related?genres=Sport%2CFootball&maxRating=PG&source=5486795&started=true'
  status: ((200 OK)) headers: (Content-Type = application/json; charset=utf-8) (Vary = Accept-Encoding) (Cache-Control = max-age=255) (Date = Fri, 28 Nov 2025 01:20:55 GMT) (Connection = keep-alive) (Access-Control-Allow-Origin = *)   number of entries: 0
  total: 0
  vendor: 1
  model: related
  updated: 1764292810, 28 Nov 2025 12:20:10 AEDT, 28 Nov 2025 01:20:10 UTC
~ 'https://api.stan.com.au/rec/v1/related?genres=Sport%2CFootball&maxRating=PG&source=5486795&started=true'
  status: ((200 OK)) headers: (Content-Type = application/json; charset=utf-8) (Vary = Accept-Encoding) (Cache-Control = max-age=240) (Date = Fri, 28 Nov 2025 01:21:10 GMT) (Connection = keep-alive) (Access-Control-Allow-Origin = *)   number of entries: 0
  total: 0
  vendor: 1
  model: related
  updated: 1764292810, 28 Nov 2025 12:20:10 AEDT, 28 Nov 2025 01:20:10 UTC
~ 'https://api.stan.com.au/rec/v1/related?genres=Sport%2CFootball&maxRating=PG&source=5486795&started=true'
  status: ((200 OK)) headers: (Content-Type = application/json; charset=utf-8) (Vary = Accept-Encoding) (Cache-Control = max-age=225) (Date = Fri, 28 Nov 2025 01:21:25 GMT) (Connection = keep-alive) (Access-Control-Allow-Origin = *)   number of entries: 0
  total: 0
  vendor: 1
  model: related
  updated: 1764292810, 28 Nov 2025 12:20:10 AEDT, 28 Nov 2025 01:20:10 UTC
~ 'https://api.stan.com.au/rec/v1/related?genres=Sport%2CFootball&maxRating=PG&source=5486795&started=true'
  status: ((200 OK)) headers: (Content-Type = application/json; charset=utf-8) (Vary = Accept-Encoding) (Cache-Control = max-age=210) (Date = Fri, 28 Nov 2025 01:21:40 GMT) (Connection = keep-alive) (Access-Control-Allow-Origin = *)   number of entries: 0
  total: 0
  vendor: 1
  model: related
  updated: 1764292810, 28 Nov 2025 12:20:10 AEDT, 28 Nov 2025 01:20:10 UTC
~ 'https://api.stan.com.au/rec/v1/related?genres=Sport%2CFootball&maxRating=PG&source=5486795&started=true'
  status: ((200 OK)) headers: (Content-Type = application/json; charset=utf-8) (Vary = Accept-Encoding) (Cache-Control = max-age=195) (Date = Fri, 28 Nov 2025 01:21:55 GMT) (Connection = keep-alive) (Access-Control-Allow-Origin = *)   number of entries: 0
  total: 0
  vendor: 1
  model: related
  updated: 1764292810, 28 Nov 2025 12:20:10 AEDT, 28 Nov 2025 01:20:10 UTC
~ 'https://api.stan.com.au/rec/v1/related?genres=Sport%2CFootball&maxRating=PG&source=5486795&started=true'
  status: ((200 OK)) headers: (Content-Type = application/json; charset=utf-8) (Vary = Accept-Encoding) (Cache-Control = max-age=180) (Date = Fri, 28 Nov 2025 01:22:10 GMT) (Connection = keep-alive) (Access-Control-Allow-Origin = *)   number of entries: 0
  total: 0
  vendor: 1
  model: related
  updated: 1764292810, 28 Nov 2025 12:20:10 AEDT, 28 Nov 2025 01:20:10 UTC
~ 'https://api.stan.com.au/rec/v1/related?genres=Sport%2CFootball&maxRating=PG&source=5486795&started=true'
  status: ((200 OK)) headers: (Content-Type = application/json; charset=utf-8) (Vary = Accept-Encoding) (Cache-Control = max-age=165) (Date = Fri, 28 Nov 2025 01:22:25 GMT) (Connection = keep-alive) (Access-Control-Allow-Origin = *)   number of entries: 0
  total: 0
  vendor: 1
  model: related
  updated: 1764292810, 28 Nov 2025 12:20:10 AEDT, 28 Nov 2025 01:20:10 UTC
~ 'https://api.stan.com.au/rec/v1/related?genres=Sport%2CFootball&maxRating=PG&source=5486795&started=true'
  status: ((200 OK)) headers: (Content-Type = application/json; charset=utf-8) (Vary = Accept-Encoding) (Cache-Control = max-age=150) (Date = Fri, 28 Nov 2025 01:22:40 GMT) (Connection = keep-alive) (Access-Control-Allow-Origin = *)   number of entries: 0
  total: 0
  vendor: 1
  model: related
  updated: 1764292810, 28 Nov 2025 12:20:10 AEDT, 28 Nov 2025 01:20:10 UTC
~ 'https://api.stan.com.au/rec/v1/related?genres=Sport%2CFootball&maxRating=PG&source=5486795&started=true'
  status: ((200 OK)) headers: (Content-Type = application/json; charset=utf-8) (Vary = Accept-Encoding) (Cache-Control = max-age=134) (Date = Fri, 28 Nov 2025 01:22:56 GMT) (Connection = keep-alive) (Access-Control-Allow-Origin = *)   number of entries: 0
  total: 0
  vendor: 1
  model: related
  updated: 1764292810, 28 Nov 2025 12:20:10 AEDT, 28 Nov 2025 01:20:10 UTC
~ 'https://api.stan.com.au/rec/v1/related?genres=Sport%2CFootball&maxRating=PG&source=5486795&started=true'
  status: ((200 OK)) headers: (Content-Type = application/json; charset=utf-8) (Vary = Accept-Encoding) (Cache-Control = max-age=119) (Date = Fri, 28 Nov 2025 01:23:11 GMT) (Connection = keep-alive) (Access-Control-Allow-Origin = *)   number of entries: 0
  total: 0
  vendor: 1
  model: related
  updated: 1764292810, 28 Nov 2025 12:20:10 AEDT, 28 Nov 2025 01:20:10 UTC
~ 'https://api.stan.com.au/rec/v1/related?genres=Sport%2CFootball&maxRating=PG&source=5486795&started=true'
  status: ((200 OK)) headers: (Content-Type = application/json; charset=utf-8) (Vary = Accept-Encoding) (Cache-Control = max-age=104) (Date = Fri, 28 Nov 2025 01:23:26 GMT) (Connection = keep-alive) (Access-Control-Allow-Origin = *)   number of entries: 0
  total: 0
  vendor: 1
  model: related
  updated: 1764292810, 28 Nov 2025 12:20:10 AEDT, 28 Nov 2025 01:20:10 UTC
